times,spiral tip no.,,,,-I_si,-I_fi,tip position,( 0<x<1; 0<y<1 ),
2276.2,10,0,0,0,0.025165598839521408,0.03292997181415558,0.7744140625,0.2158203125,0.005568204913288355,0.02306513674557209,0.4384765625,0.2333984375,0.012958002276718616,0.046891938894987106,0.3369140625,0.3720703125,0.02635396644473076,0.03838549181818962,0.3525390625,0.3837890625,0.009006896987557411,0.03985957056283951,0.2431640625,0.3935546875,0.019021810963749886,0.039189424365758896,0.2392578125,0.4384765625,0.034544121474027634,0.011775368824601173,0.4853515625,0.7333984375,0.026751285418868065,0.03431222215294838,0.5244140625,0.7919921875,0.017616821452975273,0.03688077628612518,0.4873046875,0.7978515625,0.01779203861951828,0.03569633141160011,0.7099609375,0.8544921875,0,0,0,0,0,0,0,0,0,0,0,0,0,0,0,0,0,0,0,0,0,0,0,0,0,0,0,0,0,0,0,0,0,0,0,0,0,0,0,0,0,0,0,0,0,0,0,0,0,0,0,0,0,0,0,0,0,0,0,0,0,0,0,0,0,0,0,0,0,0,0,0,0,0,0,0,0,0,0,0,0,0,0,0,0,0,0,0,0,0,0,0,0,0,0,0,0,0,0,0,0,0,0,0,0,0,0,0,0,0,0,0,0,0,0,0,0,0,0,0,0,0,0,0,0,0,0,0,0,0,0,0,0,0,0,0,0,0,0,0,0,0,0,0,0,0,0,0,0,0,0,0,0,0,0,0,
2276.6,9,0,0,0,0.016209999099373817,0.03124593198299408,0.4384765625,0.2353515625,0.013099577277898788,0.04156041145324707,0.3369140625,0.3720703125,0.02629190683364868,0.03396991267800331,0.3525390625,0.3837890625,0.009097566828131676,0.035320475697517395,0.2431640625,0.3935546875,0.019146258011460304,0.03473365306854248,0.2392578125,0.4384765625,0.033580679446458817,0.018483202904462814,0.4853515625,0.7353515625,0.026794416829943657,0.03038901463150978,0.5244140625,0.7919921875,0.017977524548768997,0.03272998332977295,0.4873046875,0.7978515625,0.007040744181722403,0.03784002736210823,0.7099609375,0.8525390625,0,0,0,0,0,0,0,0,0,0,0,0,0,0,0,0,0,0,0,0,0,0,0,0,0,0,0,0,0,0,0,0,0,0,0,0,0,0,0,0,0,0,0,0,0,0,0,0,0,0,0,0,0,0,0,0,0,0,0,0,0,0,0,0,0,0,0,0,0,0,0,0,0,0,0,0,0,0,0,0,0,0,0,0,0,0,0,0,0,0,0,0,0,0,0,0,0,0,0,0,0,0,0,0,0,0,0,0,0,0,0,0,0,0,0,0,0,0,0,0,0,0,0,0,0,0,0,0,0,0,0,0,0,0,0,0,0,0,0,0,0,0,0,0,0,0,0,0,0,0,0,0,0,0,0,0,0,0,0,0,
2277.0,7,0,0,0,0.016142262145876884,0.02764839306473732,0.4384765625,0.2353515625,0.013048851862549782,0.03677796944975853,0.3369140625,0.3720703125,0.009018611162900925,0.031242577359080315,0.2431640625,0.3935546875,0.033543702214956284,0.01636115275323391,0.4853515625,0.7353515625,0.026805240660905838,0.026907915249466896,0.5244140625,0.7919921875,0.0182018019258976,0.02901972085237503,0.4873046875,0.7978515625,0.007217779755592346,0.033574849367141724,0.7099609375,0.8525390625,0,0,0,0,0,0,0,0,0,0,0,0,0,0,0,0,0,0,0,0,0,0,0,0,0,0,0,0,0,0,0,0,0,0,0,0,0,0,0,0,0,0,0,0,0,0,0,0,0,0,0,0,0,0,0,0,0,0,0,0,0,0,0,0,0,0,0,0,0,0,0,0,0,0,0,0,0,0,0,0,0,0,0,0,0,0,0,0,0,0,0,0,0,0,0,0,0,0,0,0,0,0,0,0,0,0,0,0,0,0,0,0,0,0,0,0,0,0,0,0,0,0,0,0,0,0,0,0,0,0,0,0,0,0,0,0,0,0,0,0,0,0,0,0,0,0,0,0,0,0,0,0,0,0,0,0,0,0,0,0,0,0,0,0,0,0,0,0,
2277.4,9,0,0,0,0.01660238765180111,0.04952395334839821,0.7724609375,0.2138671875,0.004176516551524401,0.02946392074227333,0.4365234375,0.2353515625,0.007547732442617416,0.05186867713928223,0.3369140625,0.3701171875,0.008787688799202442,0.027590475976467133,0.2431640625,0.3935546875,0.0164711382240057,0.045864783227443695,0.2373046875,0.4365234375,0.03348071500658989,0.014480486512184143,0.4853515625,0.7353515625,0.02678985893726349,0.023821042850613594,0.5244140625,0.7919921875,0.02359231561422348,0.03908197954297066,0.4873046875,0.7958984375,0.007232475560158491,0.029728522524237633,0.7099609375,0.8525390625,0,0,0,0,0,0,0,0,0,0,0,0,0,0,0,0,0,0,0,0,0,0,0,0,0,0,0,0,0,0,0,0,0,0,0,0,0,0,0,0,0,0,0,0,0,0,0,0,0,0,0,0,0,0,0,0,0,0,0,0,0,0,0,0,0,0,0,0,0,0,0,0,0,0,0,0,0,0,0,0,0,0,0,0,0,0,0,0,0,0,0,0,0,0,0,0,0,0,0,0,0,0,0,0,0,0,0,0,0,0,0,0,0,0,0,0,0,0,0,0,0,0,0,0,0,0,0,0,0,0,0,0,0,0,0,0,0,0,0,0,0,0,0,0,0,0,0,0,0,0,0,0,0,0,0,0,0,0,0,0,
2277.8,9,0,0,0,0.017447454854846,0.04406677186489105,0.7724609375,0.2138671875,0.00416420865803957,0.0260767824947834,0.4365234375,0.2353515625,0.007732335012406111,0.04601988568902016,0.3369140625,0.3701171875,0.026158535853028297,0.04732172191143036,0.3544921875,0.3818359375,0.011780619621276855,0.043731700628995895,0.2412109375,0.3955078125,0.016883736476302147,0.040739189833402634,0.2373046875,0.4365234375,0.03339407965540886,0.012814179994165897,0.4853515625,0.7353515625,0.02379419282078743,0.03465383127331734,0.4873046875,0.7958984375,0.007102833595126867,0.02627449296414852,0.7099609375,0.8525390625,0,0,0,0,0,0,0,0,0,0,0,0,0,0,0,0,0,0,0,0,0,0,0,0,0,0,0,0,0,0,0,0,0,0,0,0,0,0,0,0,0,0,0,0,0,0,0,0,0,0,0,0,0,0,0,0,0,0,0,0,0,0,0,0,0,0,0,0,0,0,0,0,0,0,0,0,0,0,0,0,0,0,0,0,0,0,0,0,0,0,0,0,0,0,0,0,0,0,0,0,0,0,0,0,0,0,0,0,0,0,0,0,0,0,0,0,0,0,0,0,0,0,0,0,0,0,0,0,0,0,0,0,0,0,0,0,0,0,0,0,0,0,0,0,0,0,0,0,0,0,0,0,0,0,0,0,0,0,0,0,
2278.2,9,0,0,0,0.0180327408015728,0.03914651274681091,0.7724609375,0.2138671875,0.014379013329744339,0.03463408723473549,0.4365234375,0.2373046875,0.007728683762252331,0.0407385379076004,0.3369140625,0.3701171875,0.026182115077972412,0.04190503805875778,0.3544921875,0.3818359375,0.012096758000552654,0.03882133215665817,0.2412109375,0.3955078125,0.017116276547312737,0.03613484650850296,0.2373046875,0.4365234375,0.033285707235336304,0.01133813802152872,0.4853515625,0.7353515625,0.02771025337278843,0.029858222231268883,0.5244140625,0.7900390625,0.008346840739250183,0.03982359543442726,0.7119140625,0.8505859375,0,0,0,0,0,0,0,0,0,0,0,0,0,0,0,0,0,0,0,0,0,0,0,0,0,0,0,0,0,0,0,0,0,0,0,0,0,0,0,0,0,0,0,0,0,0,0,0,0,0,0,0,0,0,0,0,0,0,0,0,0,0,0,0,0,0,0,0,0,0,0,0,0,0,0,0,0,0,0,0,0,0,0,0,0,0,0,0,0,0,0,0,0,0,0,0,0,0,0,0,0,0,0,0,0,0,0,0,0,0,0,0,0,0,0,0,0,0,0,0,0,0,0,0,0,0,0,0,0,0,0,0,0,0,0,0,0,0,0,0,0,0,0,0,0,0,0,0,0,0,0,0,0,0,0,0,0,0,0,0,
2278.6,9,0,0,0,0.014435387216508389,0.03067450039088726,0.4365234375,0.2373046875,0.01886320300400257,0.04133164510130882,0.3388671875,0.3701171875,0.026135865598917007,0.03708912059664726,0.3544921875,0.3818359375,0.012226056307554245,0.034406229853630066,0.2412109375,0.3955078125,0.020910510793328285,0.040722642093896866,0.2373046875,0.4345703125,0.03176071122288704,0.0177383441478014,0.4853515625,0.7373046875,0.027698112651705742,0.02643091045320034,0.5244140625,0.7900390625,0.013355436734855175,0.03753368556499481,0.4853515625,0.7958984375,0.008567210286855698,0.03534090146422386,0.7119140625,0.8505859375,0,0,0,0,0,0,0,0,0,0,0,0,0,0,0,0,0,0,0,0,0,0,0,0,0,0,0,0,0,0,0,0,0,0,0,0,0,0,0,0,0,0,0,0,0,0,0,0,0,0,0,0,0,0,0,0,0,0,0,0,0,0,0,0,0,0,0,0,0,0,0,0,0,0,0,0,0,0,0,0,0,0,0,0,0,0,0,0,0,0,0,0,0,0,0,0,0,0,0,0,0,0,0,0,0,0,0,0,0,0,0,0,0,0,0,0,0,0,0,0,0,0,0,0,0,0,0,0,0,0,0,0,0,0,0,0,0,0,0,0,0,0,0,0,0,0,0,0,0,0,0,0,0,0,0,0,0,0,0,0,
2279.0,8,0,0,0,0.027465708553791046,0.04656016826629639,0.7705078125,0.2138671875,0.014337304048240185,0.02713567577302456,0.4365234375,0.2373046875,0.013581930659711361,0.057266488671302795,0.3388671875,0.3681640625,0.012187089771032333,0.030449291691184044,0.2412109375,0.3955078125,0.013868477195501328,0.04586896672844887,0.2353515625,0.4345703125,0.03170084208250046,0.015699611976742744,0.4853515625,0.7373046875,0.027673300355672836,0.023396417498588562,0.5244140625,0.7900390625,0.008604212664067745,0.0312991663813591,0.7119140625,0.8505859375,0,0,0,0,0,0,0,0,0,0,0,0,0,0,0,0,0,0,0,0,0,0,0,0,0,0,0,0,0,0,0,0,0,0,0,0,0,0,0,0,0,0,0,0,0,0,0,0,0,0,0,0,0,0,0,0,0,0,0,0,0,0,0,0,0,0,0,0,0,0,0,0,0,0,0,0,0,0,0,0,0,0,0,0,0,0,0,0,0,0,0,0,0,0,0,0,0,0,0,0,0,0,0,0,0,0,0,0,0,0,0,0,0,0,0,0,0,0,0,0,0,0,0,0,0,0,0,0,0,0,0,0,0,0,0,0,0,0,0,0,0,0,0,0,0,0,0,0,0,0,0,0,0,0,0,0,0,0,0,0,0,0,0,0,
2279.4,9,0,0,0,0.027856292203068733,0.04131375625729561,0.7705078125,0.2138671875,0.003355842549353838,0.028673142194747925,0.4345703125,0.2373046875,0.013988184742629528,0.05085784196853638,0.3388671875,0.3681640625,0.027877528220415115,0.03750075027346611,0.3544921875,0.3798828125,0.01447326596826315,0.04080745950341225,0.2353515625,0.4345703125,0.031599920243024826,0.013892008922994137,0.4853515625,0.7373046875,0.02618851698935032,0.041433509439229965,0.5263671875,0.7880859375,0.021873772144317627,0.04546889662742615,0.4853515625,0.7939453125,0.008478031493723392,0.02767014689743519,0.7119140625,0.8505859375,0,0,0,0,0,0,0,0,0,0,0,0,0,0,0,0,0,0,0,0,0,0,0,0,0,0,0,0,0,0,0,0,0,0,0,0,0,0,0,0,0,0,0,0,0,0,0,0,0,0,0,0,0,0,0,0,0,0,0,0,0,0,0,0,0,0,0,0,0,0,0,0,0,0,0,0,0,0,0,0,0,0,0,0,0,0,0,0,0,0,0,0,0,0,0,0,0,0,0,0,0,0,0,0,0,0,0,0,0,0,0,0,0,0,0,0,0,0,0,0,0,0,0,0,0,0,0,0,0,0,0,0,0,0,0,0,0,0,0,0,0,0,0,0,0,0,0,0,0,0,0,0,0,0,0,0,0,0,0,0,
2279.8,10,0,0,0,0.028103889897465706,0.03662940859794617,0.7705078125,0.2138671875,0.0033381455577909946,0.025371668860316277,0.4345703125,0.2373046875,0.014150526374578476,0.045080408453941345,0.3388671875,0.3681640625,0.027841130271553993,0.033194441348314285,0.3544921875,0.3798828125,0.0053970240987837315,0.034805405884981155,0.2392578125,0.3955078125,0.014861296862363815,0.03623995929956436,0.2353515625,0.4345703125,0.03145967796444893,0.012289833277463913,0.4853515625,0.7373046875,0.026346728205680847,0.036726705729961395,0.5263671875,0.7880859375,0.022246228531003,0.04035797342658043,0.4853515625,0.7939453125,0.009582839906215668,0.04034816846251488,0.7138671875,0.8486328125,0,0,0,0,0,0,0,0,0,0,0,0,0,0,0,0,0,0,0,0,0,0,0,0,0,0,0,0,0,0,0,0,0,0,0,0,0,0,0,0,0,0,0,0,0,0,0,0,0,0,0,0,0,0,0,0,0,0,0,0,0,0,0,0,0,0,0,0,0,0,0,0,0,0,0,0,0,0,0,0,0,0,0,0,0,0,0,0,0,0,0,0,0,0,0,0,0,0,0,0,0,0,0,0,0,0,0,0,0,0,0,0,0,0,0,0,0,0,0,0,0,0,0,0,0,0,0,0,0,0,0,0,0,0,0,0,0,0,0,0,0,0,0,0,0,0,0,0,0,0,0,0,0,0,0,0,
2280.2,9,0,0,0,0.028246277943253517,0.03245678171515465,0.7705078125,0.2138671875,0.013370160944759846,0.03436622396111488,0.4345703125,0.2392578125,0.014104625210165977,0.03989528492093086,0.3388671875,0.3681640625,0.025819480419158936,0.04569550231099129,0.3564453125,0.3798828125,0.005380006041377783,0.030803607776761055,0.2392578125,0.3955078125,0.03128215670585632,0.010870201513171196,0.4853515625,0.7373046875,0.026436230167746544,0.0325385183095932,0.5263671875,0.7880859375,0.022493936121463776,0.035791873931884766,0.4853515625,0.7939453125,0.009837755933403969,0.035809729248285294,0.7138671875,0.8486328125,0,0,0,0,0,0,0,0,0,0,0,0,0,0,0,0,0,0,0,0,0,0,0,0,0,0,0,0,0,0,0,0,0,0,0,0,0,0,0,0,0,0,0,0,0,0,0,0,0,0,0,0,0,0,0,0,0,0,0,0,0,0,0,0,0,0,0,0,0,0,0,0,0,0,0,0,0,0,0,0,0,0,0,0,0,0,0,0,0,0,0,0,0,0,0,0,0,0,0,0,0,0,0,0,0,0,0,0,0,0,0,0,0,0,0,0,0,0,0,0,0,0,0,0,0,0,0,0,0,0,0,0,0,0,0,0,0,0,0,0,0,0,0,0,0,0,0,0,0,0,0,0,0,0,0,0,0,0,0,0,
2280.6,10,0,0,0,0.01207567285746336,0.0424843356013298,0.7705078125,0.2119140625,0.013403165154159069,0.03043198212981224,0.4345703125,0.2392578125,0.008195284754037857,0.056212496012449265,0.3388671875,0.3662109375,0.025820566341280937,0.04045766219496727,0.3564453125,0.3798828125,0.016440069302916527,0.03248269855976105,0.2392578125,0.3974609375,0.020400306209921837,0.03654218092560768,0.2353515625,0.4326171875,0.02975355088710785,0.01702028512954712,0.4853515625,0.7392578125,0.02647172287106514,0.028816556558012962,0.5263671875,0.7880859375,0.0226384699344635,0.031720101833343506,0.4853515625,0.7939453125,0.009894507005810738,0.031719282269477844,0.7138671875,0.8486328125,0,0,0,0,0,0,0,0,0,0,0,0,0,0,0,0,0,0,0,0,0,0,0,0,0,0,0,0,0,0,0,0,0,0,0,0,0,0,0,0,0,0,0,0,0,0,0,0,0,0,0,0,0,0,0,0,0,0,0,0,0,0,0,0,0,0,0,0,0,0,0,0,0,0,0,0,0,0,0,0,0,0,0,0,0,0,0,0,0,0,0,0,0,0,0,0,0,0,0,0,0,0,0,0,0,0,0,0,0,0,0,0,0,0,0,0,0,0,0,0,0,0,0,0,0,0,0,0,0,0,0,0,0,0,0,0,0,0,0,0,0,0,0,0,0,0,0,0,0,0,0,0,0,0,0,0,
2281.0,7,0,0,0,0.013280107639729977,0.026914961636066437,0.4345703125,0.2392578125,0.00843624584376812,0.049897100776433945,0.3388671875,0.3662109375,0.025735627859830856,0.035798367112874985,0.3564453125,0.3798828125,0.016468986868858337,0.028763920068740845,0.2392578125,0.3974609375,0.03496253862977028,0.01458183117210865,0.4833984375,0.7392578125,0.02646324783563614,0.025512052699923515,0.5263671875,0.7880859375,0.009775621816515923,0.028047733008861542,0.7138671875,0.8486328125,0,0,0,0,0,0,0,0,0,0,0,0,0,0,0,0,0,0,0,0,0,0,0,0,0,0,0,0,0,0,0,0,0,0,0,0,0,0,0,0,0,0,0,0,0,0,0,0,0,0,0,0,0,0,0,0,0,0,0,0,0,0,0,0,0,0,0,0,0,0,0,0,0,0,0,0,0,0,0,0,0,0,0,0,0,0,0,0,0,0,0,0,0,0,0,0,0,0,0,0,0,0,0,0,0,0,0,0,0,0,0,0,0,0,0,0,0,0,0,0,0,0,0,0,0,0,0,0,0,0,0,0,0,0,0,0,0,0,0,0,0,0,0,0,0,0,0,0,0,0,0,0,0,0,0,0,0,0,0,0,0,0,0,0,0,0,0,0,
2281.4,9,0,0,0,0.024831978604197502,0.04873046651482582,0.7685546875,0.2119140625,0.00304394424892962,0.028428226709365845,0.4326171875,0.2392578125,0.008454589173197746,0.044181641191244125,0.3388671875,0.3662109375,0.028106125071644783,0.04106934368610382,0.3564453125,0.3779296875,0.010221936739981174,0.0380622036755085,0.2373046875,0.3974609375,0.013313881121575832,0.037845343351364136,0.2333984375,0.4326171875,0.03492039814591408,0.012907852418720722,0.4833984375,0.7392578125,0.02075960673391819,0.05132732912898064,0.4833984375,0.7919921875,0.001905136974528432,0.028670918196439743,0.7138671875,0.8466796875,0,0,0,0,0,0,0,0,0,0,0,0,0,0,0,0,0,0,0,0,0,0,0,0,0,0,0,0,0,0,0,0,0,0,0,0,0,0,0,0,0,0,0,0,0,0,0,0,0,0,0,0,0,0,0,0,0,0,0,0,0,0,0,0,0,0,0,0,0,0,0,0,0,0,0,0,0,0,0,0,0,0,0,0,0,0,0,0,0,0,0,0,0,0,0,0,0,0,0,0,0,0,0,0,0,0,0,0,0,0,0,0,0,0,0,0,0,0,0,0,0,0,0,0,0,0,0,0,0,0,0,0,0,0,0,0,0,0,0,0,0,0,0,0,0,0,0,0,0,0,0,0,0,0,0,0,0,0,0,0,
2281.8,10,0,0,0,0.025484159588813782,0.043293628841638565,0.7685546875,0.2119140625,0.0030229659751057625,0.025151312351226807,0.4326171875,0.2392578125,0.01932043395936489,0.04429713636636734,0.3408203125,0.3662109375,0.02808825485408306,0.03635680675506592,0.3564453125,0.3779296875,0.010455789975821972,0.03377080336213112,0.2373046875,0.3974609375,0.01369218248873949,0.03360913321375847,0.2333984375,0.4326171875,0.03487398475408554,0.011426471173763275,0.4833984375,0.7392578125,0.02820991910994053,0.031060148030519485,0.5263671875,0.7861328125,0.021321922540664673,0.04560991749167442,0.4833984375,0.7919921875,0.011058518663048744,0.03752073273062706,0.7158203125,0.8466796875,0,0,0,0,0,0,0,0,0,0,0,0,0,0,0,0,0,0,0,0,0,0,0,0,0,0,0,0,0,0,0,0,0,0,0,0,0,0,0,0,0,0,0,0,0,0,0,0,0,0,0,0,0,0,0,0,0,0,0,0,0,0,0,0,0,0,0,0,0,0,0,0,0,0,0,0,0,0,0,0,0,0,0,0,0,0,0,0,0,0,0,0,0,0,0,0,0,0,0,0,0,0,0,0,0,0,0,0,0,0,0,0,0,0,0,0,0,0,0,0,0,0,0,0,0,0,0,0,0,0,0,0,0,0,0,0,0,0,0,0,0,0,0,0,0,0,0,0,0,0,0,0,0,0,0,0,
2282.2,10,0,0,0,0.025906646624207497,0.038416747003793716,0.7685546875,0.2119140625,0.013064219616353512,0.033164262771606445,0.4326171875,0.2412109375,0.013512996025383472,0.06117405742406845,0.3408203125,0.3642578125,0.02804005704820156,0.03217950835824013,0.3564453125,0.3779296875,0.010525508783757687,0.029916349798440933,0.2373046875,0.3974609375,0.020276213064789772,0.03878948092460632,0.2333984375,0.4306640625,0.034911248832941055,0.017519233748316765,0.4833984375,0.7412109375,0.028206776827573776,0.027497561648488045,0.5263671875,0.7861328125,0.02170684188604355,0.04048331081867218,0.4833984375,0.7919921875,0.011132223531603813,0.033238574862480164,0.7158203125,0.8466796875,0,0,0,0,0,0,0,0,0,0,0,0,0,0,0,0,0,0,0,0,0,0,0,0,0,0,0,0,0,0,0,0,0,0,0,0,0,0,0,0,0,0,0,0,0,0,0,0,0,0,0,0,0,0,0,0,0,0,0,0,0,0,0,0,0,0,0,0,0,0,0,0,0,0,0,0,0,0,0,0,0,0,0,0,0,0,0,0,0,0,0,0,0,0,0,0,0,0,0,0,0,0,0,0,0,0,0,0,0,0,0,0,0,0,0,0,0,0,0,0,0,0,0,0,0,0,0,0,0,0,0,0,0,0,0,0,0,0,0,0,0,0,0,0,0,0,0,0,0,0,0,0,0,0,0,0,
2282.6,10,0,0,0,0.0261597391217947,0.034058377146720886,0.7685546875,0.2119140625,0.01307708490639925,0.029362959787249565,0.4326171875,0.2412109375,0.014070923440158367,0.05438997969031334,0.3408203125,0.3642578125,0.025500444695353508,0.04413873329758644,0.3583984375,0.3779296875,0.010450311936438084,0.02646568790078163,0.2373046875,0.3974609375,0.02043157070875168,0.03439316153526306,0.2333984375,0.4306640625,0.0348762609064579,0.015507517382502556,0.4833984375,0.7412109375,0.028187237679958344,0.024341706186532974,0.5263671875,0.7861328125,0.02195502072572708,0.035900939255952835,0.4833984375,0.7919921875,0.011023319326341152,0.029396699741482735,0.7158203125,0.8466796875,0,0,0,0,0,0,0,0,0,0,0,0,0,0,0,0,0,0,0,0,0,0,0,0,0,0,0,0,0,0,0,0,0,0,0,0,0,0,0,0,0,0,0,0,0,0,0,0,0,0,0,0,0,0,0,0,0,0,0,0,0,0,0,0,0,0,0,0,0,0,0,0,0,0,0,0,0,0,0,0,0,0,0,0,0,0,0,0,0,0,0,0,0,0,0,0,0,0,0,0,0,0,0,0,0,0,0,0,0,0,0,0,0,0,0,0,0,0,0,0,0,0,0,0,0,0,0,0,0,0,0,0,0,0,0,0,0,0,0,0,0,0,0,0,0,0,0,0,0,0,0,0,0,0,0,0,
2283.0,8,0,0,0,0.02628626488149166,0.030173780396580696,0.7685546875,0.2119140625,0.0129343681037426,0.025964992120862007,0.4326171875,0.2412109375,0.01434323936700821,0.0482507087290287,0.3408203125,0.3642578125,0.025463026016950607,0.03906867280602455,0.3583984375,0.3779296875,0.034834831953048706,0.013727055862545967,0.4833984375,0.7412109375,0.02815384417772293,0.021546760573983192,0.5263671875,0.7861328125,0.022091247141361237,0.0318136140704155,0.4833984375,0.7919921875,0.0022952884901314974,0.029151838272809982,0.7158203125,0.8447265625,0,0,0,0,0,0,0,0,0,0,0,0,0,0,0,0,0,0,0,0,0,0,0,0,0,0,0,0,0,0,0,0,0,0,0,0,0,0,0,0,0,0,0,0,0,0,0,0,0,0,0,0,0,0,0,0,0,0,0,0,0,0,0,0,0,0,0,0,0,0,0,0,0,0,0,0,0,0,0,0,0,0,0,0,0,0,0,0,0,0,0,0,0,0,0,0,0,0,0,0,0,0,0,0,0,0,0,0,0,0,0,0,0,0,0,0,0,0,0,0,0,0,0,0,0,0,0,0,0,0,0,0,0,0,0,0,0,0,0,0,0,0,0,0,0,0,0,0,0,0,0,0,0,0,0,0,0,0,0,0,0,0,0,0,
2283.4,9,0,0,0,0.0031335586681962013,0.0286177396774292,0.4306640625,0.2412109375,0.014379788190126419,0.042727816849946976,0.3408203125,0.3642578125,0.028315475210547447,0.044964443892240524,0.3583984375,0.3759765625,0.005225831177085638,0.030636506155133247,0.2353515625,0.3974609375,0.013798988424241543,0.03432445228099823,0.2314453125,0.4306640625,0.03478759899735451,0.012151206843554974,0.4833984375,0.7412109375,0.027382608503103256,0.038183942437171936,0.5283203125,0.7841796875,0.02212882973253727,0.028172893449664116,0.4833984375,0.7919921875,0.012081602588295937,0.03786058351397514,0.7177734375,0.8447265625,0,0,0,0,0,0,0,0,0,0,0,0,0,0,0,0,0,0,0,0,0,0,0,0,0,0,0,0,0,0,0,0,0,0,0,0,0,0,0,0,0,0,0,0,0,0,0,0,0,0,0,0,0,0,0,0,0,0,0,0,0,0,0,0,0,0,0,0,0,0,0,0,0,0,0,0,0,0,0,0,0,0,0,0,0,0,0,0,0,0,0,0,0,0,0,0,0,0,0,0,0,0,0,0,0,0,0,0,0,0,0,0,0,0,0,0,0,0,0,0,0,0,0,0,0,0,0,0,0,0,0,0,0,0,0,0,0,0,0,0,0,0,0,0,0,0,0,0,0,0,0,0,0,0,0,0,0,0,0,0,
2283.8,8,0,0,0,0.0236061904579401,0.05141354352235794,0.7666015625,0.2099609375,0.028321189805865288,0.039811477065086365,0.3583984375,0.3759765625,0.005236185621470213,0.027126481756567955,0.2353515625,0.3974609375,0.014159537851810455,0.030477112159132957,0.2314453125,0.4306640625,0.034734878689050674,0.010756369680166245,0.4833984375,0.7412109375,0.02749752625823021,0.033835701644420624,0.5283203125,0.7841796875,0.0214091744273901,0.05333775281906128,0.4814453125,0.7900390625,0.01217683032155037,0.03354472666978836,0.7177734375,0.8447265625,0,0,0,0,0,0,0,0,0,0,0,0,0,0,0,0,0,0,0,0,0,0,0,0,0,0,0,0,0,0,0,0,0,0,0,0,0,0,0,0,0,0,0,0,0,0,0,0,0,0,0,0,0,0,0,0,0,0,0,0,0,0,0,0,0,0,0,0,0,0,0,0,0,0,0,0,0,0,0,0,0,0,0,0,0,0,0,0,0,0,0,0,0,0,0,0,0,0,0,0,0,0,0,0,0,0,0,0,0,0,0,0,0,0,0,0,0,0,0,0,0,0,0,0,0,0,0,0,0,0,0,0,0,0,0,0,0,0,0,0,0,0,0,0,0,0,0,0,0,0,0,0,0,0,0,0,0,0,0,0,0,0,0,0,
2284.2,10,0,0,0,0.024464363232254982,0.04572466388344765,0.7666015625,0.2099609375,0.013540158048272133,0.03338487446308136,0.4306640625,0.2431640625,0.008267794735729694,0.05321929603815079,0.3408203125,0.3623046875,0.028289450332522392,0.03524058684706688,0.3583984375,0.3759765625,0.01764732040464878,0.029028132557868958,0.2353515625,0.3994140625,0.02080964855849743,0.035277917981147766,0.2314453125,0.4287109375,0.034839894622564316,0.016483766958117485,0.4833984375,0.7431640625,0.02755737118422985,0.029970694333314896,0.5283203125,0.7841796875,0.021939970552921295,0.04738621041178703,0.4814453125,0.7900390625,0.012084177695214748,0.029673289507627487,0.7177734375,0.8447265625,0,0,0,0,0,0,0,0,0,0,0,0,0,0,0,0,0,0,0,0,0,0,0,0,0,0,0,0,0,0,0,0,0,0,0,0,0,0,0,0,0,0,0,0,0,0,0,0,0,0,0,0,0,0,0,0,0,0,0,0,0,0,0,0,0,0,0,0,0,0,0,0,0,0,0,0,0,0,0,0,0,0,0,0,0,0,0,0,0,0,0,0,0,0,0,0,0,0,0,0,0,0,0,0,0,0,0,0,0,0,0,0,0,0,0,0,0,0,0,0,0,0,0,0,0,0,0,0,0,0,0,0,0,0,0,0,0,0,0,0,0,0,0,0,0,0,0,0,0,0,0,0,0,0,0,0,
2284.6,10,0,0,0,0.025046685710549355,0.040606509894132614,0.7666015625,0.2099609375,0.013520525768399239,0.029550760984420776,0.4306640625,0.2431640625,0.008413086645305157,0.047189563512802124,0.3408203125,0.3623046875,0.028222523629665375,0.03118745982646942,0.3583984375,0.3759765625,0.013262951746582985,0.037706535309553146,0.2333984375,0.3994140625,0.020886676385998726,0.031257644295692444,0.2314453125,0.4287109375,0.034799955785274506,0.0145911555737257,0.4833984375,0.7431640625,0.02757454104721546,0.026538949459791183,0.5283203125,0.7841796875,0.022299960255622864,0.04205295071005821,0.4814453125,0.7900390625,0.002689066343009472,0.02956446073949337,0.7177734375,0.8427734375,0,0,0,0,0,0,0,0,0,0,0,0,0,0,0,0,0,0,0,0,0,0,0,0,0,0,0,0,0,0,0,0,0,0,0,0,0,0,0,0,0,0,0,0,0,0,0,0,0,0,0,0,0,0,0,0,0,0,0,0,0,0,0,0,0,0,0,0,0,0,0,0,0,0,0,0,0,0,0,0,0,0,0,0,0,0,0,0,0,0,0,0,0,0,0,0,0,0,0,0,0,0,0,0,0,0,0,0,0,0,0,0,0,0,0,0,0,0,0,0,0,0,0,0,0,0,0,0,0,0,0,0,0,0,0,0,0,0,0,0,0,0,0,0,0,0,0,0,0,0,0,0,0,0,0,0,
2285.0,9,0,0,0,0.0254179947078228,0.036021243780851364,0.7666015625,0.2099609375,0.008341514505445957,0.041742876172065735,0.3408203125,0.3623046875,0.025183502584695816,0.04264312610030174,0.3603515625,0.3759765625,0.013642380014061928,0.033485062420368195,0.2333984375,0.3994140625,0.01565699279308319,0.037031326442956924,0.2294921875,0.4287109375,0.03475358709692955,0.012915986590087414,0.4833984375,0.7431640625,0.02755727246403694,0.023494264110922813,0.5283203125,0.7841796875,0.022531604394316673,0.037288863211870193,0.4814453125,0.7900390625,0.012976925820112228,0.03814518824219704,0.7197265625,0.8427734375,0,0,0,0,0,0,0,0,0,0,0,0,0,0,0,0,0,0,0,0,0,0,0,0,0,0,0,0,0,0,0,0,0,0,0,0,0,0,0,0,0,0,0,0,0,0,0,0,0,0,0,0,0,0,0,0,0,0,0,0,0,0,0,0,0,0,0,0,0,0,0,0,0,0,0,0,0,0,0,0,0,0,0,0,0,0,0,0,0,0,0,0,0,0,0,0,0,0,0,0,0,0,0,0,0,0,0,0,0,0,0,0,0,0,0,0,0,0,0,0,0,0,0,0,0,0,0,0,0,0,0,0,0,0,0,0,0,0,0,0,0,0,0,0,0,0,0,0,0,0,0,0,0,0,0,0,0,0,0,0,
2285.4,10,0,0,0,0.025636032223701477,0.03192780166864395,0.7666015625,0.2099609375,0.003554265247657895,0.0291645135730505,0.4287109375,0.2431640625,0.01956646889448166,0.04182978346943855,0.3427734375,0.3623046875,0.028511330485343933,0.0492151603102684,0.3603515625,0.3740234375,0.013846580870449543,0.029693327844142914,0.2333984375,0.3994140625,0.01602569967508316,0.03288132697343826,0.2294921875,0.4287109375,0.03470123931765556,0.01143320556730032,0.4833984375,0.7431640625,0.027510764077305794,0.020794445648789406,0.5283203125,0.7841796875,0.0226584579795599,0.03304154798388481,0.4814453125,0.7900390625,0.013075129128992558,0.03379682078957558,0.7197265625,0.8427734375,0,0,0,0,0,0,0,0,0,0,0,0,0,0,0,0,0,0,0,0,0,0,0,0,0,0,0,0,0,0,0,0,0,0,0,0,0,0,0,0,0,0,0,0,0,0,0,0,0,0,0,0,0,0,0,0,0,0,0,0,0,0,0,0,0,0,0,0,0,0,0,0,0,0,0,0,0,0,0,0,0,0,0,0,0,0,0,0,0,0,0,0,0,0,0,0,0,0,0,0,0,0,0,0,0,0,0,0,0,0,0,0,0,0,0,0,0,0,0,0,0,0,0,0,0,0,0,0,0,0,0,0,0,0,0,0,0,0,0,0,0,0,0,0,0,0,0,0,0,0,0,0,0,0,0,0,
2285.8,8,0,0,0,0.025738593190908432,0.02828206866979599,0.7666015625,0.2099609375,0.014019093476235867,0.05970943719148636,0.3427734375,0.3603515625,0.028553102165460587,0.043586380779743195,0.3603515625,0.3740234375,0.013897042721509933,0.02629813738167286,0.2333984375,0.3994140625,0.016220703721046448,0.029155947268009186,0.2294921875,0.4287109375,0.02931787259876728,0.02838991768658161,0.5283203125,0.7822265625,0.012205912731587887,0.044352754950523376,0.4794921875,0.7900390625,0.012984143570065498,0.029897702857851982,0.7197265625,0.8427734375,0,0,0,0,0,0,0,0,0,0,0,0,0,0,0,0,0,0,0,0,0,0,0,0,0,0,0,0,0,0,0,0,0,0,0,0,0,0,0,0,0,0,0,0,0,0,0,0,0,0,0,0,0,0,0,0,0,0,0,0,0,0,0,0,0,0,0,0,0,0,0,0,0,0,0,0,0,0,0,0,0,0,0,0,0,0,0,0,0,0,0,0,0,0,0,0,0,0,0,0,0,0,0,0,0,0,0,0,0,0,0,0,0,0,0,0,0,0,0,0,0,0,0,0,0,0,0,0,0,0,0,0,0,0,0,0,0,0,0,0,0,0,0,0,0,0,0,0,0,0,0,0,0,0,0,0,0,0,0,0,0,0,0,0,
2286.2,8,0,0,0,0.014528575353324413,0.032808318734169006,0.4287109375,0.2451171875,0.014509097672998905,0.05305488407611847,0.3427734375,0.3603515625,0.02854938805103302,0.03858938068151474,0.3603515625,0.3740234375,0.009886205196380615,0.036486633121967316,0.2314453125,0.3994140625,0.034830864518880844,0.015506315976381302,0.4833984375,0.7451171875,0.029296712949872017,0.025127973407506943,0.5283203125,0.7822265625,0.02313651703298092,0.052277371287345886,0.4794921875,0.7880859375,0.0030407942831516266,0.029889455065131187,0.7197265625,0.8408203125,0,0,0,0,0,0,0,0,0,0,0,0,0,0,0,0,0,0,0,0,0,0,0,0,0,0,0,0,0,0,0,0,0,0,0,0,0,0,0,0,0,0,0,0,0,0,0,0,0,0,0,0,0,0,0,0,0,0,0,0,0,0,0,0,0,0,0,0,0,0,0,0,0,0,0,0,0,0,0,0,0,0,0,0,0,0,0,0,0,0,0,0,0,0,0,0,0,0,0,0,0,0,0,0,0,0,0,0,0,0,0,0,0,0,0,0,0,0,0,0,0,0,0,0,0,0,0,0,0,0,0,0,0,0,0,0,0,0,0,0,0,0,0,0,0,0,0,0,0,0,0,0,0,0,0,0,0,0,0,0,0,0,0,0,
2286.6,10,0,0,0,0.02563619799911976,0.048862848430871964,0.7646484375,0.2080078125,0.014487731270492077,0.02903602086007595,0.4287109375,0.2451171875,0.014715231955051422,0.04704100638628006,0.3427734375,0.3603515625,0.02850533463060856,0.03415606915950775,0.3603515625,0.3740234375,0.010153969749808311,0.03238520398736,0.2314453125,0.3994140625,0.017828116193413734,0.0370720811188221,0.2275390625,0.4267578125,0.034787289798259735,0.013726132921874523,0.4833984375,0.7451171875,0.029267825186252594,0.022242018952965736,0.5283203125,0.7822265625,0.02360261231660843,0.046429600566625595,0.4794921875,0.7880859375,0.013603094033896923,0.03815903887152672,0.7216796875,0.8408203125,0,0,0,0,0,0,0,0,0,0,0,0,0,0,0,0,0,0,0,0,0,0,0,0,0,0,0,0,0,0,0,0,0,0,0,0,0,0,0,0,0,0,0,0,0,0,0,0,0,0,0,0,0,0,0,0,0,0,0,0,0,0,0,0,0,0,0,0,0,0,0,0,0,0,0,0,0,0,0,0,0,0,0,0,0,0,0,0,0,0,0,0,0,0,0,0,0,0,0,0,0,0,0,0,0,0,0,0,0,0,0,0,0,0,0,0,0,0,0,0,0,0,0,0,0,0,0,0,0,0,0,0,0,0,0,0,0,0,0,0,0,0,0,0,0,0,0,0,0,0,0,0,0,0,0,0,
2287.0,9,0,0,0,0.026290984824299812,0.043411076068878174,0.7646484375,0.2080078125,0.014683954417705536,0.04163544625043869,0.3427734375,0.3603515625,0.028422074392437935,0.030224043875932693,0.3603515625,0.3740234375,0.010245412588119507,0.028695251792669296,0.2314453125,0.3994140625,0.018040800467133522,0.032879509031772614,0.2275390625,0.4267578125,0.028392178937792778,0.01408383995294571,0.4853515625,0.7451171875,0.026846950873732567,0.02719450555741787,0.5302734375,0.7822265625,0.023916246369481087,0.04119524732232094,0.4794921875,0.7880859375,0.01369011402130127,0.03380560502409935,0.7216796875,0.8408203125,0,0,0,0,0,0,0,0,0,0,0,0,0,0,0,0,0,0,0,0,0,0,0,0,0,0,0,0,0,0,0,0,0,0,0,0,0,0,0,0,0,0,0,0,0,0,0,0,0,0,0,0,0,0,0,0,0,0,0,0,0,0,0,0,0,0,0,0,0,0,0,0,0,0,0,0,0,0,0,0,0,0,0,0,0,0,0,0,0,0,0,0,0,0,0,0,0,0,0,0,0,0,0,0,0,0,0,0,0,0,0,0,0,0,0,0,0,0,0,0,0,0,0,0,0,0,0,0,0,0,0,0,0,0,0,0,0,0,0,0,0,0,0,0,0,0,0,0,0,0,0,0,0,0,0,0,0,0,0,0,
2287.4,8,0,0,0,0.02672967128455639,0.03852415084838867,0.7646484375,0.2080078125,0.004349890630692244,0.02901422791182995,0.4267578125,0.2451171875,0.008387976326048374,0.060360923409461975,0.3427734375,0.3583984375,0.006887201685458422,0.03841557726264,0.2294921875,0.3994140625,0.01811268739402294,0.029127037152647972,0.2275390625,0.4267578125,0.0281542856246233,0.012453732080757618,0.4853515625,0.7451171875,0.026834512129426003,0.02407519891858101,0.5302734375,0.7822265625,0.024116456508636475,0.03652331605553627,0.4794921875,0.7880859375,0,0,0,0,0,0,0,0,0,0,0,0,0,0,0,0,0,0,0,0,0,0,0,0,0,0,0,0,0,0,0,0,0,0,0,0,0,0,0,0,0,0,0,0,0,0,0,0,0,0,0,0,0,0,0,0,0,0,0,0,0,0,0,0,0,0,0,0,0,0,0,0,0,0,0,0,0,0,0,0,0,0,0,0,0,0,0,0,0,0,0,0,0,0,0,0,0,0,0,0,0,0,0,0,0,0,0,0,0,0,0,0,0,0,0,0,0,0,0,0,0,0,0,0,0,0,0,0,0,0,0,0,0,0,0,0,0,0,0,0,0,0,0,0,0,0,0,0,0,0,0,0,0,0,0,0,0,0,0,0,0,0,0,0,
2287.8,9,0,0,0,0.02701396308839321,0.034159447997808456,0.7646484375,0.2080078125,0.004296433180570602,0.025657352060079575,0.4267578125,0.2451171875,0.008703445084393024,0.05361851677298546,0.3427734375,0.3583984375,0.028780320659279823,0.04629608243703842,0.3623046875,0.3720703125,0.007137206383049488,0.03411928191781044,0.2294921875,0.3994140625,0.018991587683558464,0.04179682210087776,0.2255859375,0.4248046875,0.02786332741379738,0.011009342037141323,0.4853515625,0.7451171875,0.024224508553743362,0.0323607511818409,0.4794921875,0.7880859375,0.003262515878304839,0.029869623482227325,0.7216796875,0.8388671875,0,0,0,0,0,0,0,0,0,0,0,0,0,0,0,0,0,0,0,0,0,0,0,0,0,0,0,0,0,0,0,0,0,0,0,0,0,0,0,0,0,0,0,0,0,0,0,0,0,0,0,0,0,0,0,0,0,0,0,0,0,0,0,0,0,0,0,0,0,0,0,0,0,0,0,0,0,0,0,0,0,0,0,0,0,0,0,0,0,0,0,0,0,0,0,0,0,0,0,0,0,0,0,0,0,0,0,0,0,0,0,0,0,0,0,0,0,0,0,0,0,0,0,0,0,0,0,0,0,0,0,0,0,0,0,0,0,0,0,0,0,0,0,0,0,0,0,0,0,0,0,0,0,0,0,0,0,0,0,0,
2288.2,10,0,0,0,0.02718338556587696,0.03027058020234108,0.7646484375,0.2080078125,0.016094615682959557,0.03236428648233414,0.4267578125,0.2470703125,0.00876610167324543,0.047498781234025955,0.3427734375,0.3583984375,0.02881794050335884,0.04100008308887482,0.3623046875,0.3720703125,0.007224471773952246,0.030238613486289978,0.2294921875,0.3994140625,0.019133027642965317,0.037051040679216385,0.2255859375,0.4248046875,0.03020509146153927,0.017071811482310295,0.4853515625,0.7470703125,0.029490483924746513,0.02758314646780491,0.5302734375,0.7802734375,0.01595846749842167,0.045630067586898804,0.4775390625,0.7880859375,0.013895717449486256,0.03806188330054283,0.7236328125,0.8388671875,0,0,0,0,0,0,0,0,0,0,0,0,0,0,0,0,0,0,0,0,0,0,0,0,0,0,0,0,0,0,0,0,0,0,0,0,0,0,0,0,0,0,0,0,0,0,0,0,0,0,0,0,0,0,0,0,0,0,0,0,0,0,0,0,0,0,0,0,0,0,0,0,0,0,0,0,0,0,0,0,0,0,0,0,0,0,0,0,0,0,0,0,0,0,0,0,0,0,0,0,0,0,0,0,0,0,0,0,0,0,0,0,0,0,0,0,0,0,0,0,0,0,0,0,0,0,0,0,0,0,0,0,0,0,0,0,0,0,0,0,0,0,0,0,0,0,0,0,0,0,0,0,0,0,0,0,
2288.6,7,0,0,0,0.027256572619080544,0.02681039460003376,0.7646484375,0.2080078125,0.016045646741986275,0.028641879558563232,0.4267578125,0.2470703125,0.02880929224193096,0.0362984873354435,0.3623046875,0.3720703125,0.0047330548986792564,0.04182684049010277,0.2275390625,0.3994140625,0.030100632458925247,0.015106049366295338,0.4853515625,0.7470703125,0.02947157248854637,0.0244159996509552,0.5302734375,0.7802734375,0.013957048766314983,0.03371249884366989,0.7236328125,0.8388671875,0,0,0,0,0,0,0,0,0,0,0,0,0,0,0,0,0,0,0,0,0,0,0,0,0,0,0,0,0,0,0,0,0,0,0,0,0,0,0,0,0,0,0,0,0,0,0,0,0,0,0,0,0,0,0,0,0,0,0,0,0,0,0,0,0,0,0,0,0,0,0,0,0,0,0,0,0,0,0,0,0,0,0,0,0,0,0,0,0,0,0,0,0,0,0,0,0,0,0,0,0,0,0,0,0,0,0,0,0,0,0,0,0,0,0,0,0,0,0,0,0,0,0,0,0,0,0,0,0,0,0,0,0,0,0,0,0,0,0,0,0,0,0,0,0,0,0,0,0,0,0,0,0,0,0,0,0,0,0,0,0,0,0,0,0,0,0,0,
2289.0,10,0,0,0,0.028525156900286674,0.04959901422262192,0.7626953125,0.2060546875,0.005807959474623203,0.03284955024719238,0.4248046875,0.2470703125,0.014321536757051945,0.06756068021059036,0.3447265625,0.3564453125,0.02875886857509613,0.03212703764438629,0.3623046875,0.3720703125,0.016958704218268394,0.036729950457811356,0.2275390625,0.4013671875,0.018877500668168068,0.04167872667312622,0.2236328125,0.4228515625,0.02995195798575878,0.013363492675125599,0.4853515625,0.7470703125,0.02944272756576538,0.02161255292594433,0.5302734375,0.7802734375,0.025827711448073387,0.04711850360035896,0.4775390625,0.7861328125,0.0032067284919321537,0.03345382958650589,0.7236328125,0.8369140625,0,0,0,0,0,0,0,0,0,0,0,0,0,0,0,0,0,0,0,0,0,0,0,0,0,0,0,0,0,0,0,0,0,0,0,0,0,0,0,0,0,0,0,0,0,0,0,0,0,0,0,0,0,0,0,0,0,0,0,0,0,0,0,0,0,0,0,0,0,0,0,0,0,0,0,0,0,0,0,0,0,0,0,0,0,0,0,0,0,0,0,0,0,0,0,0,0,0,0,0,0,0,0,0,0,0,0,0,0,0,0,0,0,0,0,0,0,0,0,0,0,0,0,0,0,0,0,0,0,0,0,0,0,0,0,0,0,0,0,0,0,0,0,0,0,0,0,0,0,0,0,0,0,0,0,0,
2289.4,8,0,0,0,0.02906128577888012,0.0440458282828331,0.7626953125,0.2060546875,0.005859586875885725,0.029103893786668777,0.4248046875,0.2470703125,0.015037459321320057,0.060125503689050674,0.3447265625,0.3564453125,0.028667693957686424,0.02842707559466362,0.3623046875,0.3720703125,0.013187173753976822,0.047812461853027344,0.2255859375,0.4013671875,0.029764598235487938,0.011819531209766865,0.4853515625,0.7470703125,0.02601241134107113,0.04177519306540489,0.4775390625,0.7861328125,0.003266798099502921,0.029664503410458565,0.7236328125,0.8369140625,0,0,0,0,0,0,0,0,0,0,0,0,0,0,0,0,0,0,0,0,0,0,0,0,0,0,0,0,0,0,0,0,0,0,0,0,0,0,0,0,0,0,0,0,0,0,0,0,0,0,0,0,0,0,0,0,0,0,0,0,0,0,0,0,0,0,0,0,0,0,0,0,0,0,0,0,0,0,0,0,0,0,0,0,0,0,0,0,0,0,0,0,0,0,0,0,0,0,0,0,0,0,0,0,0,0,0,0,0,0,0,0,0,0,0,0,0,0,0,0,0,0,0,0,0,0,0,0,0,0,0,0,0,0,0,0,0,0,0,0,0,0,0,0,0,0,0,0,0,0,0,0,0,0,0,0,0,0,0,0,0,0,0,0,
2289.8,10,0,0,0,0.02942815236747265,0.039078712463378906,0.7626953125,0.2060546875,0.005793209653347731,0.025738650932908058,0.4248046875,0.2470703125,0.015436440706253052,0.053382109850645065,0.3447265625,0.3564453125,0.029191646724939346,0.05075116455554962,0.3642578125,0.3701171875,0.01357284840196371,0.04246252402663231,0.2255859375,0.4013671875,0.016685474663972855,0.04417209327220917,0.2216796875,0.4208984375,0.029545102268457413,0.01045219600200653,0.4853515625,0.7470703125,0.02670440264046192,0.02477841079235077,0.5322265625,0.7802734375,0.026124048978090286,0.037018030881881714,0.4775390625,0.7861328125,0.013724436052143574,0.03782186284661293,0.7255859375,0.8369140625,0,0,0,0,0,0,0,0,0,0,0,0,0,0,0,0,0,0,0,0,0,0,0,0,0,0,0,0,0,0,0,0,0,0,0,0,0,0,0,0,0,0,0,0,0,0,0,0,0,0,0,0,0,0,0,0,0,0,0,0,0,0,0,0,0,0,0,0,0,0,0,0,0,0,0,0,0,0,0,0,0,0,0,0,0,0,0,0,0,0,0,0,0,0,0,0,0,0,0,0,0,0,0,0,0,0,0,0,0,0,0,0,0,0,0,0,0,0,0,0,0,0,0,0,0,0,0,0,0,0,0,0,0,0,0,0,0,0,0,0,0,0,0,0,0,0,0,0,0,0,0,0,0,0,0,0,
2290.2,10,0,0,0,0.02967645414173603,0.034648943692445755,0.7626953125,0.2060546875,0.018160803243517876,0.03210412338376045,0.4248046875,0.2490234375,0.015566384419798851,0.0473029799759388,0.3447265625,0.3564453125,0.029262766242027283,0.044954948127269745,0.3642578125,0.3701171875,0.013703178614377975,0.03763192147016525,0.2255859375,0.4013671875,0.016865668818354607,0.039164233952760696,0.2216796875,0.4208984375,0.02930257096886635,0.009241944178938866,0.4853515625,0.7470703125,0.026659494265913963,0.021931273862719536,0.5322265625,0.7802734375,0.02064390853047371,0.05145629495382309,0.4755859375,0.7861328125,0.013758732005953789,0.03349271044135094,0.7255859375,0.8369140625,0,0,0,0,0,0,0,0,0,0,0,0,0,0,0,0,0,0,0,0,0,0,0,0,0,0,0,0,0,0,0,0,0,0,0,0,0,0,0,0,0,0,0,0,0,0,0,0,0,0,0,0,0,0,0,0,0,0,0,0,0,0,0,0,0,0,0,0,0,0,0,0,0,0,0,0,0,0,0,0,0,0,0,0,0,0,0,0,0,0,0,0,0,0,0,0,0,0,0,0,0,0,0,0,0,0,0,0,0,0,0,0,0,0,0,0,0,0,0,0,0,0,0,0,0,0,0,0,0,0,0,0,0,0,0,0,0,0,0,0,0,0,0,0,0,0,0,0,0,0,0,0,0,0,0,0,
2290.6,10,0,0,0,0.02983439899981022,0.03070550039410591,0.7626953125,0.2060546875,0.008214162662625313,0.038913603872060776,0.4228515625,0.2490234375,0.015469146892428398,0.04184793680906296,0.3447265625,0.3564453125,0.029284067451953888,0.03980732709169388,0.3642578125,0.3701171875,0.008791101165115833,0.046586375683546066,0.2236328125,0.4013671875,0.010593677870929241,0.04311847686767578,0.2197265625,0.4189453125,0.02905038744211197,0.008171439170837402,0.4853515625,0.7470703125,0.029791196808218956,0.02760842628777027,0.5322265625,0.7783203125,0.021203376352787018,0.04571728780865669,0.4755859375,0.7861328125,0.0029792317654937506,0.032995231449604034,0.7255859375,0.8349609375,0,0,0,0,0,0,0,0,0,0,0,0,0,0,0,0,0,0,0,0,0,0,0,0,0,0,0,0,0,0,0,0,0,0,0,0,0,0,0,0,0,0,0,0,0,0,0,0,0,0,0,0,0,0,0,0,0,0,0,0,0,0,0,0,0,0,0,0,0,0,0,0,0,0,0,0,0,0,0,0,0,0,0,0,0,0,0,0,0,0,0,0,0,0,0,0,0,0,0,0,0,0,0,0,0,0,0,0,0,0,0,0,0,0,0,0,0,0,0,0,0,0,0,0,0,0,0,0,0,0,0,0,0,0,0,0,0,0,0,0,0,0,0,0,0,0,0,0,0,0,0,0,0,0,0,0,
2291.0,10,0,0,0,0.029916509985923767,0.02719883620738983,0.7626953125,0.2060546875,0.008413566276431084,0.03452582657337189,0.4228515625,0.2490234375,0.009038759395480156,0.05890796333551407,0.3447265625,0.3544921875,0.02926448918879032,0.035239867866039276,0.3642578125,0.3701171875,0.01173053402453661,0.05165156349539757,0.2216796875,0.4033203125,0.015356368385255337,0.041399989277124405,0.2197265625,0.4169921875,0.028808172792196274,0.007225330453366041,0.4853515625,0.7470703125,0.029772665351629257,0.024437829852104187,0.5322265625,0.7783203125,0.021579228341579437,0.04057183861732483,0.4755859375,0.7861328125,0.0030244982335716486,0.029248850420117378,0.7255859375,0.8349609375,0,0,0,0,0,0,0,0,0,0,0,0,0,0,0,0,0,0,0,0,0,0,0,0,0,0,0,0,0,0,0,0,0,0,0,0,0,0,0,0,0,0,0,0,0,0,0,0,0,0,0,0,0,0,0,0,0,0,0,0,0,0,0,0,0,0,0,0,0,0,0,0,0,0,0,0,0,0,0,0,0,0,0,0,0,0,0,0,0,0,0,0,0,0,0,0,0,0,0,0,0,0,0,0,0,0,0,0,0,0,0,0,0,0,0,0,0,0,0,0,0,0,0,0,0,0,0,0,0,0,0,0,0,0,0,0,0,0,0,0,0,0,0,0,0,0,0,0,0,0,0,0,0,0,0,0,
2291.4,10,0,0,0,0.020504774525761604,0.04079260677099228,0.7626953125,0.2041015625,0.008451984263956547,0.030577832832932472,0.4228515625,0.2490234375,0.009327225387096405,0.05230257660150528,0.3447265625,0.3544921875,0.029207324609160423,0.031189043074846268,0.3642578125,0.3701171875,0.01214621216058731,0.04589283466339111,0.2216796875,0.4033203125,0.0178932286798954,0.04053078219294548,0.2197265625,0.4150390625,0.028602316975593567,0.006389986723661423,0.4853515625,0.7470703125,0.02974487468600273,0.021631641313433647,0.5322265625,0.7783203125,0.02181376703083515,0.0359734371304512,0.4755859375,0.7861328125,0.013014143332839012,0.03609895333647728,0.7275390625,0.8349609375,0,0,0,0,0,0,0,0,0,0,0,0,0,0,0,0,0,0,0,0,0,0,0,0,0,0,0,0,0,0,0,0,0,0,0,0,0,0,0,0,0,0,0,0,0,0,0,0,0,0,0,0,0,0,0,0,0,0,0,0,0,0,0,0,0,0,0,0,0,0,0,0,0,0,0,0,0,0,0,0,0,0,0,0,0,0,0,0,0,0,0,0,0,0,0,0,0,0,0,0,0,0,0,0,0,0,0,0,0,0,0,0,0,0,0,0,0,0,0,0,0,0,0,0,0,0,0,0,0,0,0,0,0,0,0,0,0,0,0,0,0,0,0,0,0,0,0,0,0,0,0,0,0,0,0,0,
2291.8,9,0,0,0,0.00834478996694088,0.02703784964978695,0.4228515625,0.2490234375,0.009359201416373253,0.04631708562374115,0.3447265625,0.3544921875,0.029113277792930603,0.02759719081223011,0.3642578125,0.3701171875,0.010103072039783001,0.04786982014775276,0.2197265625,0.4052734375,0.006739150732755661,0.044312380254268646,0.2177734375,0.4111328125,0.02846267633140087,0.005653166212141514,0.4853515625,0.7470703125,0.02970905415713787,0.019148053601384163,0.5322265625,0.7783203125,0.021930208429694176,0.031872186809778214,0.4755859375,0.7861328125,0.013040662743151188,0.031965065747499466,0.7275390625,0.8349609375,0,0,0,0,0,0,0,0,0,0,0,0,0,0,0,0,0,0,0,0,0,0,0,0,0,0,0,0,0,0,0,0,0,0,0,0,0,0,0,0,0,0,0,0,0,0,0,0,0,0,0,0,0,0,0,0,0,0,0,0,0,0,0,0,0,0,0,0,0,0,0,0,0,0,0,0,0,0,0,0,0,0,0,0,0,0,0,0,0,0,0,0,0,0,0,0,0,0,0,0,0,0,0,0,0,0,0,0,0,0,0,0,0,0,0,0,0,0,0,0,0,0,0,0,0,0,0,0,0,0,0,0,0,0,0,0,0,0,0,0,0,0,0,0,0,0,0,0,0,0,0,0,0,0,0,0,0,0,0,0,
2292.2,4,0,0,0,0.03197960928082466,0.03846726566553116,0.7607421875,0.2041015625,0.009175250306725502,0.04092765972018242,0.3447265625,0.3544921875,0.026150448247790337,0.03895096108317375,0.3662109375,0.3701171875,0.02756180427968502,0.024904076009988785,0.5341796875,0.7783203125,0,0,0,0,0,0,0,0,0,0,0,0,0,0,0,0,0,0,0,0,0,0,0,0,0,0,0,0,0,0,0,0,0,0,0,0,0,0,0,0,0,0,0,0,0,0,0,0,0,0,0,0,0,0,0,0,0,0,0,0,0,0,0,0,0,0,0,0,0,0,0,0,0,0,0,0,0,0,0,0,0,0,0,0,0,0,0,0,0,0,0,0,0,0,0,0,0,0,0,0,0,0,0,0,0,0,0,0,0,0,0,0,0,0,0,0,0,0,0,0,0,0,0,0,0,0,0,0,0,0,0,0,0,0,0,0,0,0,0,0,0,0,0,0,0,0,0,0,0,0,0,0,0,0,0,0,0,0,0,0,0,0,0,0,0,0,0,0,0,0,0,0,0,0,0,0,0,0,0,0,
2292.6,8,0,0,0,0.0321078784763813,0.034085728228092194,0.7607421875,0.2041015625,0.01166505180299282,0.038302261382341385,0.4208984375,0.2509765625,0.01577405259013176,0.06604201346635818,0.3466796875,0.3525390625,0.029810303822159767,0.04367176443338394,0.3662109375,0.3681640625,0.03352949023246765,0.002199055626988411,0.4833984375,0.7451171875,0.027543026953935623,0.02204662747681141,0.5341796875,0.7783203125,0.025493880733847618,0.04995797201991081,0.4736328125,0.7841796875,0.002587678376585245,0.027560221031308174,0.7275390625,0.8330078125,0,0,0,0,0,0,0,0,0,0,0,0,0,0,0,0,0,0,0,0,0,0,0,0,0,0,0,0,0,0,0,0,0,0,0,0,0,0,0,0,0,0,0,0,0,0,0,0,0,0,0,0,0,0,0,0,0,0,0,0,0,0,0,0,0,0,0,0,0,0,0,0,0,0,0,0,0,0,0,0,0,0,0,0,0,0,0,0,0,0,0,0,0,0,0,0,0,0,0,0,0,0,0,0,0,0,0,0,0,0,0,0,0,0,0,0,0,0,0,0,0,0,0,0,0,0,0,0,0,0,0,0,0,0,0,0,0,0,0,0,0,0,0,0,0,0,0,0,0,0,0,0,0,0,0,0,0,0,0,0,0,0,0,0,
2293.0,8,0,0,0,0.03218487277626991,0.030193429440259933,0.7607421875,0.2041015625,0.011876355856657028,0.03396947681903839,0.4208984375,0.2509765625,0.01643553376197815,0.058737486600875854,0.3466796875,0.3525390625,0.029808875173330307,0.0386643148958683,0.3662109375,0.3681640625,0.03343169391155243,0.0019459356553852558,0.4833984375,0.7451171875,0.027486788108944893,0.01951192319393158,0.5341796875,0.7783203125,0.025791123509407043,0.04432665929198265,0.4736328125,0.7841796875,0.012020133435726166,0.03560560196638107,0.7294921875,0.8330078125,0,0,0,0,0,0,0,0,0,0,0,0,0,0,0,0,0,0,0,0,0,0,0,0,0,0,0,0,0,0,0,0,0,0,0,0,0,0,0,0,0,0,0,0,0,0,0,0,0,0,0,0,0,0,0,0,0,0,0,0,0,0,0,0,0,0,0,0,0,0,0,0,0,0,0,0,0,0,0,0,0,0,0,0,0,0,0,0,0,0,0,0,0,0,0,0,0,0,0,0,0,0,0,0,0,0,0,0,0,0,0,0,0,0,0,0,0,0,0,0,0,0,0,0,0,0,0,0,0,0,0,0,0,0,0,0,0,0,0,0,0,0,0,0,0,0,0,0,0,0,0,0,0,0,0,0,0,0,0,0,0,0,0,0,
2293.4,6,0,0,0,0.011906464584171772,0.03008032962679863,0.4208984375,0.2509765625,0.016795236617326736,0.05212985351681709,0.3466796875,0.3525390625,0.029775498434901237,0.03422512114048004,0.3662109375,0.3681640625,0.033344995230436325,0.0017220430308952928,0.4833984375,0.7451171875,0.026000143960118294,0.039306141436100006,0.4736328125,0.7841796875,0.012036684900522232,0.03152567520737648,0.7294921875,0.8330078125,0,0,0,0,0,0,0,0,0,0,0,0,0,0,0,0,0,0,0,0,0,0,0,0,0,0,0,0,0,0,0,0,0,0,0,0,0,0,0,0,0,0,0,0,0,0,0,0,0,0,0,0,0,0,0,0,0,0,0,0,0,0,0,0,0,0,0,0,0,0,0,0,0,0,0,0,0,0,0,0,0,0,0,0,0,0,0,0,0,0,0,0,0,0,0,0,0,0,0,0,0,0,0,0,0,0,0,0,0,0,0,0,0,0,0,0,0,0,0,0,0,0,0,0,0,0,0,0,0,0,0,0,0,0,0,0,0,0,0,0,0,0,0,0,0,0,0,0,0,0,0,0,0,0,0,0,0,0,0,0,0,0,0,0,0,0,0,0,0,0,0,0,
2293.8,6,0,0,0,0.028136683627963066,0.039942964911460876,0.7607421875,0.2021484375,0.011775215156376362,0.026600005105137825,0.4208984375,0.2509765625,0.016905387863516808,0.046185679733753204,0.3466796875,0.3525390625,0.029712297022342682,0.030290735885500908,0.3662109375,0.3681640625,0.030124155804514885,0.020966600626707077,0.5341796875,0.7763671875,0.026144087314605713,0.034838102757930756,0.4736328125,0.7841796875,0,0,0,0,0,0,0,0,0,0,0,0,0,0,0,0,0,0,0,0,0,0,0,0,0,0,0,0,0,0,0,0,0,0,0,0,0,0,0,0,0,0,0,0,0,0,0,0,0,0,0,0,0,0,0,0,0,0,0,0,0,0,0,0,0,0,0,0,0,0,0,0,0,0,0,0,0,0,0,0,0,0,0,0,0,0,0,0,0,0,0,0,0,0,0,0,0,0,0,0,0,0,0,0,0,0,0,0,0,0,0,0,0,0,0,0,0,0,0,0,0,0,0,0,0,0,0,0,0,0,0,0,0,0,0,0,0,0,0,0,0,0,0,0,0,0,0,0,0,0,0,0,0,0,0,0,0,0,0,0,0,0,0,0,0,0,0,0,0,0,0,0,
2294.2,5,0,0,0,0.028529362753033638,0.03543981909751892,0.7607421875,0.2021484375,0.0037706794682890177,0.031511325389146805,0.4189453125,0.2509765625,0.027305664494633675,0.04291563108563423,0.3681640625,0.3681640625,0.03166286647319794,0.0007724284660071135,0.4833984375,0.7431640625,0.026238108053803444,0.03086673654615879,0.4736328125,0.7841796875,0,0,0,0,0,0,0,0,0,0,0,0,0,0,0,0,0,0,0,0,0,0,0,0,0,0,0,0,0,0,0,0,0,0,0,0,0,0,0,0,0,0,0,0,0,0,0,0,0,0,0,0,0,0,0,0,0,0,0,0,0,0,0,0,0,0,0,0,0,0,0,0,0,0,0,0,0,0,0,0,0,0,0,0,0,0,0,0,0,0,0,0,0,0,0,0,0,0,0,0,0,0,0,0,0,0,0,0,0,0,0,0,0,0,0,0,0,0,0,0,0,0,0,0,0,0,0,0,0,0,0,0,0,0,0,0,0,0,0,0,0,0,0,0,0,0,0,0,0,0,0,0,0,0,0,0,0,0,0,0,0,0,0,0,0,0,0,0,0,0,0,0,0,0,0,0,
2294.6,7,0,0,0,0.02880043163895607,0.031423985958099365,0.7607421875,0.2021484375,0.0037761139683425426,0.02789968252182007,0.4189453125,0.2509765625,0.010598528198897839,0.057857003062963486,0.3466796875,0.3505859375,0.02725929580628872,0.03798447176814079,0.3681640625,0.3681640625,0.031499672681093216,0.0006832133512943983,0.4833984375,0.7431640625,0.02889368124306202,0.025117773562669754,0.5361328125,0.7763671875,0.010738769546151161,0.03481094166636467,0.7314453125,0.8310546875,0,0,0,0,0,0,0,0,0,0,0,0,0,0,0,0,0,0,0,0,0,0,0,0,0,0,0,0,0,0,0,0,0,0,0,0,0,0,0,0,0,0,0,0,0,0,0,0,0,0,0,0,0,0,0,0,0,0,0,0,0,0,0,0,0,0,0,0,0,0,0,0,0,0,0,0,0,0,0,0,0,0,0,0,0,0,0,0,0,0,0,0,0,0,0,0,0,0,0,0,0,0,0,0,0,0,0,0,0,0,0,0,0,0,0,0,0,0,0,0,0,0,0,0,0,0,0,0,0,0,0,0,0,0,0,0,0,0,0,0,0,0,0,0,0,0,0,0,0,0,0,0,0,0,0,0,0,0,0,0,0,0,0,0,0,0,0,0,
2295.0,8,0,0,0,0.028971081599593163,0.027847927063703537,0.7607421875,0.2021484375,0.01602122001349926,0.03455944359302521,0.4189453125,0.2529296875,0.01089197862893343,0.05135359615087509,0.3466796875,0.3505859375,0.030325237661600113,0.04113158956170082,0.3681640625,0.3662109375,0.03136065974831581,0.0006043919129297137,0.4833984375,0.7431640625,0.028877541422843933,0.022236371412873268,0.5361328125,0.7763671875,0.023376671597361565,0.03982410579919815,0.4716796875,0.7841796875,0.010751659981906414,0.030821211636066437,0.7314453125,0.8310546875,0,0,0,0,0,0,0,0,0,0,0,0,0,0,0,0,0,0,0,0,0,0,0,0,0,0,0,0,0,0,0,0,0,0,0,0,0,0,0,0,0,0,0,0,0,0,0,0,0,0,0,0,0,0,0,0,0,0,0,0,0,0,0,0,0,0,0,0,0,0,0,0,0,0,0,0,0,0,0,0,0,0,0,0,0,0,0,0,0,0,0,0,0,0,0,0,0,0,0,0,0,0,0,0,0,0,0,0,0,0,0,0,0,0,0,0,0,0,0,0,0,0,0,0,0,0,0,0,0,0,0,0,0,0,0,0,0,0,0,0,0,0,0,0,0,0,0,0,0,0,0,0,0,0,0,0,0,0,0,0,0,0,0,0,
2295.4,8,0,0,0,0.029059646651148796,0.024667542427778244,0.7607421875,0.2021484375,0.016025345772504807,0.03059649094939232,0.4189453125,0.2529296875,0.010919341817498207,0.04547328129410744,0.3466796875,0.3505859375,0.030310532078146935,0.03641131892800331,0.3681640625,0.3662109375,0.031249985098838806,0.000534755818080157,0.4833984375,0.7431640625,0.028840312734246254,0.01968269608914852,0.5361328125,0.7763671875,0.023810232058167458,0.03536047041416168,0.4716796875,0.7841796875,0.010586787946522236,0.027243832126259804,0.7314453125,0.8310546875,0,0,0,0,0,0,0,0,0,0,0,0,0,0,0,0,0,0,0,0,0,0,0,0,0,0,0,0,0,0,0,0,0,0,0,0,0,0,0,0,0,0,0,0,0,0,0,0,0,0,0,0,0,0,0,0,0,0,0,0,0,0,0,0,0,0,0,0,0,0,0,0,0,0,0,0,0,0,0,0,0,0,0,0,0,0,0,0,0,0,0,0,0,0,0,0,0,0,0,0,0,0,0,0,0,0,0,0,0,0,0,0,0,0,0,0,0,0,0,0,0,0,0,0,0,0,0,0,0,0,0,0,0,0,0,0,0,0,0,0,0,0,0,0,0,0,0,0,0,0,0,0,0,0,0,0,0,0,0,0,0,0,0,0,
2295.8,7,0,0,0,0.029087411239743233,0.02184288389980793,0.7607421875,0.2021484375,0.006975013762712479,0.037195246666669846,0.4169921875,0.2529296875,0.010722610168159008,0.04018650949001312,0.3466796875,0.3505859375,0.030272463336586952,0.03223034739494324,0.3681640625,0.3662109375,0.0287840086966753,0.017420027405023575,0.5361328125,0.7763671875,0.024156717583537102,0.0313803032040596,0.4716796875,0.7841796875,0.00910834688693285,0.03824405372142792,0.7333984375,0.8291015625,0,0,0,0,0,0,0,0,0,0,0,0,0,0,0,0,0,0,0,0,0,0,0,0,0,0,0,0,0,0,0,0,0,0,0,0,0,0,0,0,0,0,0,0,0,0,0,0,0,0,0,0,0,0,0,0,0,0,0,0,0,0,0,0,0,0,0,0,0,0,0,0,0,0,0,0,0,0,0,0,0,0,0,0,0,0,0,0,0,0,0,0,0,0,0,0,0,0,0,0,0,0,0,0,0,0,0,0,0,0,0,0,0,0,0,0,0,0,0,0,0,0,0,0,0,0,0,0,0,0,0,0,0,0,0,0,0,0,0,0,0,0,0,0,0,0,0,0,0,0,0,0,0,0,0,0,0,0,0,0,0,0,0,0,0,0,0,0,
2296.2,8,0,0,0,0.02241472527384758,0.033267781138420105,0.7607421875,0.2001953125,0.007113046944141388,0.03298661857843399,0.4169921875,0.2529296875,0.0053680650889873505,0.05957856774330139,0.3466796875,0.3486328125,0.03021273761987686,0.02852739579975605,0.3681640625,0.3662109375,0.028467562049627304,0.00023846815747674555,0.4833984375,0.7412109375,0.028709668666124344,0.015415536239743233,0.5361328125,0.7763671875,0.024434983730316162,0.027836201712489128,0.4716796875,0.7841796875,0.00930597074329853,0.03392588719725609,0.7333984375,0.8291015625,0,0,0,0,0,0,0,0,0,0,0,0,0,0,0,0,0,0,0,0,0,0,0,0,0,0,0,0,0,0,0,0,0,0,0,0,0,0,0,0,0,0,0,0,0,0,0,0,0,0,0,0,0,0,0,0,0,0,0,0,0,0,0,0,0,0,0,0,0,0,0,0,0,0,0,0,0,0,0,0,0,0,0,0,0,0,0,0,0,0,0,0,0,0,0,0,0,0,0,0,0,0,0,0,0,0,0,0,0,0,0,0,0,0,0,0,0,0,0,0,0,0,0,0,0,0,0,0,0,0,0,0,0,0,0,0,0,0,0,0,0,0,0,0,0,0,0,0,0,0,0,0,0,0,0,0,0,0,0,0,0,0,0,0,
2296.6,9,0,0,0,0.007106642704457045,0.02919984608888626,0.4169921875,0.2529296875,0.01837395690381527,0.05590464174747467,0.3486328125,0.3486328125,0.028462514281272888,0.0406181700527668,0.3701171875,0.3662109375,0.013035360723733902,0.022355059161782265,0.4169921875,0.6806640625,0.0066165137104690075,0.010867629200220108,0.4150390625,0.6943359375,0.02826063707470894,0.0002108858316205442,0.4833984375,0.7412109375,0.025366442278027534,0.02176811173558235,0.5380859375,0.7763671875,0.024659551680088043,0.024683866649866104,0.4716796875,0.7841796875,0.009310985915362835,0.030035443603992462,0.7333984375,0.8291015625,0,0,0,0,0,0,0,0,0,0,0,0,0,0,0,0,0,0,0,0,0,0,0,0,0,0,0,0,0,0,0,0,0,0,0,0,0,0,0,0,0,0,0,0,0,0,0,0,0,0,0,0,0,0,0,0,0,0,0,0,0,0,0,0,0,0,0,0,0,0,0,0,0,0,0,0,0,0,0,0,0,0,0,0,0,0,0,0,0,0,0,0,0,0,0,0,0,0,0,0,0,0,0,0,0,0,0,0,0,0,0,0,0,0,0,0,0,0,0,0,0,0,0,0,0,0,0,0,0,0,0,0,0,0,0,0,0,0,0,0,0,0,0,0,0,0,0,0,0,0,0,0,0,0,0,0,0,0,0,0,
2297.0,10,0,0,0,0.023797892034053802,0.02626338042318821,0.7607421875,0.2001953125,0.006971021182835102,0.025804731994867325,0.4169921875,0.2529296875,0.018685508519411087,0.04959655553102493,0.3486328125,0.3486328125,0.028426766395568848,0.03595374524593353,0.3701171875,0.3662109375,0.01156939659267664,0.022069856524467468,0.4169921875,0.6767578125,0.012455539777874947,0.01706925965845585,0.4150390625,0.7001953125,0.02810104936361313,0.0001865424565039575,0.4833984375,0.7412109375,0.029835708439350128,0.024459591135382652,0.5380859375,0.7744140625,0.024840453639626503,0.021882256492972374,0.4716796875,0.7841796875,0.009146393276751041,0.026544632390141487,0.7333984375,0.8291015625,0,0,0,0,0,0,0,0,0,0,0,0,0,0,0,0,0,0,0,0,0,0,0,0,0,0,0,0,0,0,0,0,0,0,0,0,0,0,0,0,0,0,0,0,0,0,0,0,0,0,0,0,0,0,0,0,0,0,0,0,0,0,0,0,0,0,0,0,0,0,0,0,0,0,0,0,0,0,0,0,0,0,0,0,0,0,0,0,0,0,0,0,0,0,0,0,0,0,0,0,0,0,0,0,0,0,0,0,0,0,0,0,0,0,0,0,0,0,0,0,0,0,0,0,0,0,0,0,0,0,0,0,0,0,0,0,0,0,0,0,0,0,0,0,0,0,0,0,0,0,0,0,0,0,0,0,
2297.4,10,0,0,0,0.028997041285037994,0.013413684442639351,0.7607421875,0.2021484375,0.01176292635500431,0.04223965108394623,0.4150390625,0.2548828125,0.01877608895301819,0.04393509402871132,0.3486328125,0.3486328125,0.02831704169511795,0.0318092443048954,0.3701171875,0.3662109375,0.011759498156607151,0.022334786131978035,0.4169921875,0.6748046875,0.015451830811798573,0.019322464242577553,0.4150390625,0.7041015625,0.02799413353204727,0.00016505669918842614,0.4833984375,0.7412109375,0.029811382293701172,0.021650580689311028,0.5380859375,0.7744140625,0.024984078481793404,0.01939377933740616,0.4716796875,0.7841796875,0.007589465007185936,0.03713134303689003,0.7353515625,0.8271484375,0,0,0,0,0,0,0,0,0,0,0,0,0,0,0,0,0,0,0,0,0,0,0,0,0,0,0,0,0,0,0,0,0,0,0,0,0,0,0,0,0,0,0,0,0,0,0,0,0,0,0,0,0,0,0,0,0,0,0,0,0,0,0,0,0,0,0,0,0,0,0,0,0,0,0,0,0,0,0,0,0,0,0,0,0,0,0,0,0,0,0,0,0,0,0,0,0,0,0,0,0,0,0,0,0,0,0,0,0,0,0,0,0,0,0,0,0,0,0,0,0,0,0,0,0,0,0,0,0,0,0,0,0,0,0,0,0,0,0,0,0,0,0,0,0,0,0,0,0,0,0,0,0,0,0,0,
2297.8,9,0,0,0,0.02900979109108448,0.01187670137733221,0.7607421875,0.2021484375,0.012107311747968197,0.03750300779938698,0.4150390625,0.2548828125,0.012354513630270958,0.064262755215168,0.3486328125,0.3466796875,0.030762365087866783,0.033233243972063065,0.3701171875,0.3642578125,0.012527416460216045,0.022644218057394028,0.4169921875,0.6728515625,0.01731143333017826,0.020292669534683228,0.4150390625,0.7080078125,0.029779376462101936,0.019164595752954483,0.5380859375,0.7744140625,0.02509499154984951,0.017184432595968246,0.4716796875,0.7841796875,0.007754582446068525,0.03293679282069206,0.7353515625,0.8271484375,0,0,0,0,0,0,0,0,0,0,0,0,0,0,0,0,0,0,0,0,0,0,0,0,0,0,0,0,0,0,0,0,0,0,0,0,0,0,0,0,0,0,0,0,0,0,0,0,0,0,0,0,0,0,0,0,0,0,0,0,0,0,0,0,0,0,0,0,0,0,0,0,0,0,0,0,0,0,0,0,0,0,0,0,0,0,0,0,0,0,0,0,0,0,0,0,0,0,0,0,0,0,0,0,0,0,0,0,0,0,0,0,0,0,0,0,0,0,0,0,0,0,0,0,0,0,0,0,0,0,0,0,0,0,0,0,0,0,0,0,0,0,0,0,0,0,0,0,0,0,0,0,0,0,0,0,0,0,0,0,
2298.2,9,0,0,0,0.029058897867798805,0.01051805168390274,0.7607421875,0.2021484375,0.012255840934813023,0.03324202448129654,0.4150390625,0.2548828125,0.012947747483849525,0.05715715140104294,0.3486328125,0.3466796875,0.030725285410881042,0.029417678713798523,0.3701171875,0.3642578125,0.013945049606263638,0.024116862565279007,0.4169921875,0.6708984375,0.002464249264448881,2.49633307823959e-25,0.4130859375,0.7119140625,0.029740719124674797,0.016964439302682877,0.5380859375,0.7744140625,0.025177551433444023,0.015223751775920391,0.4716796875,0.7841796875,0.007744515780359507,0.02915467694401741,0.7353515625,0.8271484375,0,0,0,0,0,0,0,0,0,0,0,0,0,0,0,0,0,0,0,0,0,0,0,0,0,0,0,0,0,0,0,0,0,0,0,0,0,0,0,0,0,0,0,0,0,0,0,0,0,0,0,0,0,0,0,0,0,0,0,0,0,0,0,0,0,0,0,0,0,0,0,0,0,0,0,0,0,0,0,0,0,0,0,0,0,0,0,0,0,0,0,0,0,0,0,0,0,0,0,0,0,0,0,0,0,0,0,0,0,0,0,0,0,0,0,0,0,0,0,0,0,0,0,0,0,0,0,0,0,0,0,0,0,0,0,0,0,0,0,0,0,0,0,0,0,0,0,0,0,0,0,0,0,0,0,0,0,0,0,0,
2298.6,10,0,0,0,0.02914782054722309,0.009317003190517426,0.7607421875,0.2021484375,0.012228244915604591,0.02942194789648056,0.4150390625,0.2548828125,0.013229671865701675,0.05071038380265236,0.3486328125,0.3466796875,0.02966468594968319,0.04213980212807655,0.3720703125,0.3642578125,0.015825577080249786,0.025631319731473923,0.4169921875,0.6689453125,0.0029072097968310118,0.0006478120922110975,0.4130859375,0.7158203125,0.03255647048354149,0.0000702371762599796,0.4814453125,0.7392578125,0.028602859005331993,0.023640014231204987,0.5400390625,0.7744140625,0.025236042216420174,0.013484469614923,0.4716796875,0.7841796875,0.018208947032690048,0.03502146154642105,0.7373046875,0.8271484375,0,0,0,0,0,0,0,0,0,0,0,0,0,0,0,0,0,0,0,0,0,0,0,0,0,0,0,0,0,0,0,0,0,0,0,0,0,0,0,0,0,0,0,0,0,0,0,0,0,0,0,0,0,0,0,0,0,0,0,0,0,0,0,0,0,0,0,0,0,0,0,0,0,0,0,0,0,0,0,0,0,0,0,0,0,0,0,0,0,0,0,0,0,0,0,0,0,0,0,0,0,0,0,0,0,0,0,0,0,0,0,0,0,0,0,0,0,0,0,0,0,0,0,0,0,0,0,0,0,0,0,0,0,0,0,0,0,0,0,0,0,0,0,0,0,0,0,0,0,0,0,0,0,0,0,0,
2299.0,9,0,0,0,0.029276534914970398,0.008255064487457275,0.7607421875,0.2021484375,0.013250264339148998,0.04490024596452713,0.3486328125,0.3466796875,0.029689306393265724,0.0373162105679512,0.3720703125,0.3642578125,0.01599002629518509,0.022721245884895325,0.4169921875,0.6689453125,0.003148881485685706,0.0012342401314526796,0.4130859375,0.7177734375,0.032485540956258774,0.00006216413748916239,0.4814453125,0.7392578125,0.028589846566319466,0.020928582176566124,0.5400390625,0.7744140625,0.025274191051721573,0.011942143552005291,0.4716796875,0.7841796875,0.005993996746838093,0.03586507961153984,0.7373046875,0.8251953125,0,0,0,0,0,0,0,0,0,0,0,0,0,0,0,0,0,0,0,0,0,0,0,0,0,0,0,0,0,0,0,0,0,0,0,0,0,0,0,0,0,0,0,0,0,0,0,0,0,0,0,0,0,0,0,0,0,0,0,0,0,0,0,0,0,0,0,0,0,0,0,0,0,0,0,0,0,0,0,0,0,0,0,0,0,0,0,0,0,0,0,0,0,0,0,0,0,0,0,0,0,0,0,0,0,0,0,0,0,0,0,0,0,0,0,0,0,0,0,0,0,0,0,0,0,0,0,0,0,0,0,0,0,0,0,0,0,0,0,0,0,0,0,0,0,0,0,0,0,0,0,0,0,0,0,0,0,0,0,0,
2299.4,9,0,0,0,0.02944142371416092,0.007315787486732006,0.7607421875,0.2021484375,0.004753513727337122,0.03162606060504913,0.4130859375,0.2548828125,0.029658835381269455,0.03303245082497597,0.3720703125,0.3642578125,0.018124792724847794,0.025465339422225952,0.4169921875,0.6669921875,0.003107166849076748,0.0012708628783002496,0.4130859375,0.7216796875,0.03242061287164688,0.00005501997657120228,0.4814453125,0.7392578125,0.028556086122989655,0.018525488674640656,0.5400390625,0.7744140625,0.02529478631913662,0.010574869811534882,0.4716796875,0.7841796875,0.006119803991168737,0.03180985525250435,0.7373046875,0.8251953125,0,0,0,0,0,0,0,0,0,0,0,0,0,0,0,0,0,0,0,0,0,0,0,0,0,0,0,0,0,0,0,0,0,0,0,0,0,0,0,0,0,0,0,0,0,0,0,0,0,0,0,0,0,0,0,0,0,0,0,0,0,0,0,0,0,0,0,0,0,0,0,0,0,0,0,0,0,0,0,0,0,0,0,0,0,0,0,0,0,0,0,0,0,0,0,0,0,0,0,0,0,0,0,0,0,0,0,0,0,0,0,0,0,0,0,0,0,0,0,0,0,0,0,0,0,0,0,0,0,0,0,0,0,0,0,0,0,0,0,0,0,0,0,0,0,0,0,0,0,0,0,0,0,0,0,0,0,0,0,0,
2299.8,9,0,0,0,0.029635800048708916,0.006484605371952057,0.7607421875,0.2021484375,0.004742651712149382,0.027992011979222298,0.4130859375,0.2548828125,0.007182626519352198,0.05745706707239151,0.3486328125,0.3447265625,0.029575927183032036,0.029230056330561638,0.3720703125,0.3642578125,0.01820185035467148,0.022559499368071556,0.4169921875,0.6669921875,0.00303693232126534,0.0012884099269285798,0.4130859375,0.7236328125,0.028503824025392532,0.01639622263610363,0.5400390625,0.7744140625,0.02529972419142723,0.00936305895447731,0.4716796875,0.7841796875,0.006095134653151035,0.028150198981165886,0.7373046875,0.8251953125,0,0,0,0,0,0,0,0,0,0,0,0,0,0,0,0,0,0,0,0,0,0,0,0,0,0,0,0,0,0,0,0,0,0,0,0,0,0,0,0,0,0,0,0,0,0,0,0,0,0,0,0,0,0,0,0,0,0,0,0,0,0,0,0,0,0,0,0,0,0,0,0,0,0,0,0,0,0,0,0,0,0,0,0,0,0,0,0,0,0,0,0,0,0,0,0,0,0,0,0,0,0,0,0,0,0,0,0,0,0,0,0,0,0,0,0,0,0,0,0,0,0,0,0,0,0,0,0,0,0,0,0,0,0,0,0,0,0,0,0,0,0,0,0,0,0,0,0,0,0,0,0,0,0,0,0,0,0,0,0,
2300.2,10,0,0,0,0.029851410537958145,0.005748690105974674,0.7607421875,0.2021484375,0.01782035455107689,0.033258356153964996,0.4130859375,0.2568359375,0.0074026379734277725,0.05100395530462265,0.3486328125,0.3447265625,0.029440494254231453,0.02585608698427677,0.3720703125,0.3642578125,0.007952622137963772,0.02916703000664711,0.4150390625,0.6650390625,0.002385355532169342,3.1761869649058666e-25,0.4130859375,0.7275390625,0.031754255294799805,0.000026404060918139294,0.4814453125,0.7373046875,0.028434447944164276,0.014509945176541805,0.5400390625,0.7744140625,0.025290565565228462,0.008289244025945663,0.4716796875,0.7841796875,0.01674637570977211,0.034283775836229324,0.7392578125,0.8251953125,0,0,0,0,0,0,0,0,0,0,0,0,0,0,0,0,0,0,0,0,0,0,0,0,0,0,0,0,0,0,0,0,0,0,0,0,0,0,0,0,0,0,0,0,0,0,0,0,0,0,0,0,0,0,0,0,0,0,0,0,0,0,0,0,0,0,0,0,0,0,0,0,0,0,0,0,0,0,0,0,0,0,0,0,0,0,0,0,0,0,0,0,0,0,0,0,0,0,0,0,0,0,0,0,0,0,0,0,0,0,0,0,0,0,0,0,0,0,0,0,0,0,0,0,0,0,0,0,0,0,0,0,0,0,0,0,0,0,0,0,0,0,0,0,0,0,0,0,0,0,0,0,0,0,0,0,
2300.6,8,0,0,0,0.009807963855564594,0.0413956381380558,0.4111328125,0.2568359375,0.0074082231149077415,0.04515558481216431,0.3486328125,0.3447265625,0.03072473779320717,0.04501358047127724,0.3740234375,0.3623046875,0.008369344286620617,0.025944186374545097,0.4150390625,0.6650390625,0.017962442710995674,0.022280674427747726,0.4150390625,0.7294921875,0.03166557475924492,0.00002336493162147235,0.4814453125,0.7373046875,0.026479294523596764,0.020656585693359375,0.5419921875,0.7744140625,0.004418282303959131,0.03417058289051056,0.7392578125,0.8232421875,0,0,0,0,0,0,0,0,0,0,0,0,0,0,0,0,0,0,0,0,0,0,0,0,0,0,0,0,0,0,0,0,0,0,0,0,0,0,0,0,0,0,0,0,0,0,0,0,0,0,0,0,0,0,0,0,0,0,0,0,0,0,0,0,0,0,0,0,0,0,0,0,0,0,0,0,0,0,0,0,0,0,0,0,0,0,0,0,0,0,0,0,0,0,0,0,0,0,0,0,0,0,0,0,0,0,0,0,0,0,0,0,0,0,0,0,0,0,0,0,0,0,0,0,0,0,0,0,0,0,0,0,0,0,0,0,0,0,0,0,0,0,0,0,0,0,0,0,0,0,0,0,0,0,0,0,0,0,0,0,0,0,0,0,
2301.0,10,0,0,0,0.030649753287434578,0.002620133338496089,0.7607421875,0.2041015625,0.010105529800057411,0.03675167262554169,0.4111328125,0.2568359375,0.021172139793634415,0.04324176535010338,0.3505859375,0.3447265625,0.030753090977668762,0.03985901176929474,0.3740234375,0.3623046875,0.013549154624342918,0.03146620839834213,0.4150390625,0.6630859375,0.017048358917236328,0.021286459639668465,0.4150390625,0.7314453125,0.03158748149871826,0.000020676881831604987,0.4814453125,0.7373046875,0.02644462138414383,0.018284304067492485,0.5419921875,0.7744140625,0.025753099471330643,0.011289284564554691,0.4697265625,0.7841796875,0.004500482697039843,0.03029986284673214,0.7392578125,0.8232421875,0,0,0,0,0,0,0,0,0,0,0,0,0,0,0,0,0,0,0,0,0,0,0,0,0,0,0,0,0,0,0,0,0,0,0,0,0,0,0,0,0,0,0,0,0,0,0,0,0,0,0,0,0,0,0,0,0,0,0,0,0,0,0,0,0,0,0,0,0,0,0,0,0,0,0,0,0,0,0,0,0,0,0,0,0,0,0,0,0,0,0,0,0,0,0,0,0,0,0,0,0,0,0,0,0,0,0,0,0,0,0,0,0,0,0,0,0,0,0,0,0,0,0,0,0,0,0,0,0,0,0,0,0,0,0,0,0,0,0,0,0,0,0,0,0,0,0,0,0,0,0,0,0,0,0,0,
2301.4,9,0,0,0,0.03065451607108116,0.0023198898416012526,0.7607421875,0.2041015625,0.010214648209512234,0.03256915137171745,0.4111328125,0.2568359375,0.015766983851790428,0.06193940341472626,0.3505859375,0.3427734375,0.030747121199965477,0.035287871956825256,0.3740234375,0.3623046875,0.01398848183453083,0.027955930680036545,0.4150390625,0.6630859375,0.01568019948899746,0.019185295328497887,0.4150390625,0.7333984375,0.026371773332357407,0.016180220991373062,0.5419921875,0.7744140625,0.025820264592766762,0.010000498034060001,0.4697265625,0.7841796875,0.004464005120098591,0.02680426836013794,0.7392578125,0.8232421875,0,0,0,0,0,0,0,0,0,0,0,0,0,0,0,0,0,0,0,0,0,0,0,0,0,0,0,0,0,0,0,0,0,0,0,0,0,0,0,0,0,0,0,0,0,0,0,0,0,0,0,0,0,0,0,0,0,0,0,0,0,0,0,0,0,0,0,0,0,0,0,0,0,0,0,0,0,0,0,0,0,0,0,0,0,0,0,0,0,0,0,0,0,0,0,0,0,0,0,0,0,0,0,0,0,0,0,0,0,0,0,0,0,0,0,0,0,0,0,0,0,0,0,0,0,0,0,0,0,0,0,0,0,0,0,0,0,0,0,0,0,0,0,0,0,0,0,0,0,0,0,0,0,0,0,0,0,0,0,0,
2301.8,10,0,0,0,0.03067481704056263,0.0020542587153613567,0.7607421875,0.2041015625,0.010153285227715969,0.02881612256169319,0.4111328125,0.2568359375,0.016393862664699554,0.05507079139351845,0.3505859375,0.3427734375,0.03071129508316517,0.03123611770570278,0.3740234375,0.3623046875,0.014276954345405102,0.024806560948491096,0.4150390625,0.6630859375,0.013816211372613907,0.017086312174797058,0.4150390625,0.7353515625,0.030920300632715225,0.000009919430340232793,0.4814453125,0.7353515625,0.02626468800008297,0.014314909465610981,0.5419921875,0.7744140625,0.02586890384554863,0.008857601322233677,0.4697265625,0.7841796875,0.014699031598865986,0.03321729972958565,0.7412109375,0.8232421875,0,0,0,0,0,0,0,0,0,0,0,0,0,0,0,0,0,0,0,0,0,0,0,0,0,0,0,0,0,0,0,0,0,0,0,0,0,0,0,0,0,0,0,0,0,0,0,0,0,0,0,0,0,0,0,0,0,0,0,0,0,0,0,0,0,0,0,0,0,0,0,0,0,0,0,0,0,0,0,0,0,0,0,0,0,0,0,0,0,0,0,0,0,0,0,0,0,0,0,0,0,0,0,0,0,0,0,0,0,0,0,0,0,0,0,0,0,0,0,0,0,0,0,0,0,0,0,0,0,0,0,0,0,0,0,0,0,0,0,0,0,0,0,0,0,0,0,0,0,0,0,0,0,0,0,0,
2302.2,8,0,0,0,0.030708951875567436,0.0018192068673670292,0.7607421875,0.2041015625,0.016740111634135246,0.04886863753199577,0.3505859375,0.3427734375,0.03064812533557415,0.027645643800497055,0.3740234375,0.3623046875,0.018985237926244736,0.02834455668926239,0.4150390625,0.6611328125,0.030819106847047806,0.000008776756658335216,0.4814453125,0.7353515625,0.00841167476028204,0.012391502968966961,0.4150390625,0.7392578125,0.026125658303499222,0.012661885470151901,0.5419921875,0.7744140625,0.02590208314359188,0.007844396866858006,0.4697265625,0.7841796875,0,0,0,0,0,0,0,0,0,0,0,0,0,0,0,0,0,0,0,0,0,0,0,0,0,0,0,0,0,0,0,0,0,0,0,0,0,0,0,0,0,0,0,0,0,0,0,0,0,0,0,0,0,0,0,0,0,0,0,0,0,0,0,0,0,0,0,0,0,0,0,0,0,0,0,0,0,0,0,0,0,0,0,0,0,0,0,0,0,0,0,0,0,0,0,0,0,0,0,0,0,0,0,0,0,0,0,0,0,0,0,0,0,0,0,0,0,0,0,0,0,0,0,0,0,0,0,0,0,0,0,0,0,0,0,0,0,0,0,0,0,0,0,0,0,0,0,0,0,0,0,0,0,0,0,0,0,0,0,0,0,0,0,0,
2302.6,9,0,0,0,0.030755216255784035,0.0016111789736896753,0.7607421875,0.2041015625,0.003921167459338903,0.03215944021940231,0.4091796875,0.2568359375,0.016853397712111473,0.04329642653465271,0.3505859375,0.3427734375,0.019160980358719826,0.025130948051810265,0.4150390625,0.6611328125,0.030733948573470116,0.000007766512680973392,0.4814453125,0.7353515625,0.005640855059027672,0.008427937515079975,0.4150390625,0.7412109375,0.029057133942842484,0.020994193851947784,0.5439453125,0.7724609375,0.025922315195202827,0.006946401204913855,0.4697265625,0.7841796875,0.00304516707547009,0.028828416019678116,0.7412109375,0.8212890625,0,0,0,0,0,0,0,0,0,0,0,0,0,0,0,0,0,0,0,0,0,0,0,0,0,0,0,0,0,0,0,0,0,0,0,0,0,0,0,0,0,0,0,0,0,0,0,0,0,0,0,0,0,0,0,0,0,0,0,0,0,0,0,0,0,0,0,0,0,0,0,0,0,0,0,0,0,0,0,0,0,0,0,0,0,0,0,0,0,0,0,0,0,0,0,0,0,0,0,0,0,0,0,0,0,0,0,0,0,0,0,0,0,0,0,0,0,0,0,0,0,0,0,0,0,0,0,0,0,0,0,0,0,0,0,0,0,0,0,0,0,0,0,0,0,0,0,0,0,0,0,0,0,0,0,0,0,0,0,0,
2303.0,10,0,0,0,0.03081182949244976,0.0014270370593294501,0.7607421875,0.2041015625,0.016807859763503075,0.03610100597143173,0.4091796875,0.2587890625,0.01077506598085165,0.06333423405885696,0.3505859375,0.3408203125,0.028721200302243233,0.03588215634226799,0.3759765625,0.3623046875,0.019247500225901604,0.022265518084168434,0.4150390625,0.6611328125,0.030332988128066063,0.000004215457465761574,0.4814453125,0.7333984375,0.003334192791953683,0.0018909125356003642,0.4150390625,0.7431640625,0.029031505808234215,0.018583180382847786,0.5439453125,0.7724609375,0.025931699201464653,0.006150691770017147,0.4697265625,0.7841796875,0.012067928910255432,0.03631286695599556,0.7431640625,0.8212890625,0,0,0,0,0,0,0,0,0,0,0,0,0,0,0,0,0,0,0,0,0,0,0,0,0,0,0,0,0,0,0,0,0,0,0,0,0,0,0,0,0,0,0,0,0,0,0,0,0,0,0,0,0,0,0,0,0,0,0,0,0,0,0,0,0,0,0,0,0,0,0,0,0,0,0,0,0,0,0,0,0,0,0,0,0,0,0,0,0,0,0,0,0,0,0,0,0,0,0,0,0,0,0,0,0,0,0,0,0,0,0,0,0,0,0,0,0,0,0,0,0,0,0,0,0,0,0,0,0,0,0,0,0,0,0,0,0,0,0,0,0,0,0,0,0,0,0,0,0,0,0,0,0,0,0,0,
2303.4,8,0,0,0,0.016875075176358223,0.03197624534368515,0.4091796875,0.2587890625,0.011444004252552986,0.05639250576496124,0.3505859375,0.3408203125,0.02864455059170723,0.0317533053457737,0.3759765625,0.3623046875,0.03021225519478321,0.0000037293502828106284,0.4814453125,0.7333984375,0.01726125180721283,0.022145457565784454,0.4169921875,0.7451171875,0.028999486938118935,0.016449440270662308,0.5439453125,0.7724609375,0.025931961834430695,0.0054457481019198895,0.4697265625,0.7841796875,0.012120523490011692,0.032161813229322433,0.7431640625,0.8212890625,0,0,0,0,0,0,0,0,0,0,0,0,0,0,0,0,0,0,0,0,0,0,0,0,0,0,0,0,0,0,0,0,0,0,0,0,0,0,0,0,0,0,0,0,0,0,0,0,0,0,0,0,0,0,0,0,0,0,0,0,0,0,0,0,0,0,0,0,0,0,0,0,0,0,0,0,0,0,0,0,0,0,0,0,0,0,0,0,0,0,0,0,0,0,0,0,0,0,0,0,0,0,0,0,0,0,0,0,0,0,0,0,0,0,0,0,0,0,0,0,0,0,0,0,0,0,0,0,0,0,0,0,0,0,0,0,0,0,0,0,0,0,0,0,0,0,0,0,0,0,0,0,0,0,0,0,0,0,0,0,0,0,0,0,
2303.8,9,0,0,0,0.03097008354961872,0.0006885590846650302,0.7607421875,0.2060546875,0.009519473649561405,0.04150377959012985,0.4072265625,0.2587890625,0.011821038089692593,0.0500800646841526,0.3505859375,0.3408203125,0.016707831993699074,0.03303900733590126,0.4130859375,0.6591796875,0.03010939061641693,0.0000032996827030729037,0.4814453125,0.7333984375,0.013753351755440235,0.018587840721011162,0.4169921875,0.7470703125,0.028961939737200737,0.014561022631824017,0.5439453125,0.7724609375,0.02592446282505989,0.00482131028547883,0.4697265625,0.7841796875,0.011988849379122257,0.028440317139029503,0.7431640625,0.8212890625,0,0,0,0,0,0,0,0,0,0,0,0,0,0,0,0,0,0,0,0,0,0,0,0,0,0,0,0,0,0,0,0,0,0,0,0,0,0,0,0,0,0,0,0,0,0,0,0,0,0,0,0,0,0,0,0,0,0,0,0,0,0,0,0,0,0,0,0,0,0,0,0,0,0,0,0,0,0,0,0,0,0,0,0,0,0,0,0,0,0,0,0,0,0,0,0,0,0,0,0,0,0,0,0,0,0,0,0,0,0,0,0,0,0,0,0,0,0,0,0,0,0,0,0,0,0,0,0,0,0,0,0,0,0,0,0,0,0,0,0,0,0,0,0,0,0,0,0,0,0,0,0,0,0,0,0,0,0,0,0,
2304.2,9,0,0,0,0.03094189241528511,0.0006095290882512927,0.7607421875,0.2060546875,0.009810722433030605,0.03684784471988678,0.4072265625,0.2587890625,0.011936080642044544,0.04437677189707756,0.3505859375,0.3408203125,0.03140678256750107,0.02852601371705532,0.3759765625,0.3603515625,0.017050713300704956,0.029326969757676125,0.4130859375,0.6591796875,0.009254993870854378,0.013670102693140507,0.4169921875,0.7490234375,0.028919313102960587,0.012889600358903408,0.5439453125,0.7724609375,0.025910133495926857,0.004268248099833727,0.4697265625,0.7841796875,0.001867571147158742,0.025905096903443336,0.7431640625,0.8193359375,0,0,0,0,0,0,0,0,0,0,0,0,0,0,0,0,0,0,0,0,0,0,0,0,0,0,0,0,0,0,0,0,0,0,0,0,0,0,0,0,0,0,0,0,0,0,0,0,0,0,0,0,0,0,0,0,0,0,0,0,0,0,0,0,0,0,0,0,0,0,0,0,0,0,0,0,0,0,0,0,0,0,0,0,0,0,0,0,0,0,0,0,0,0,0,0,0,0,0,0,0,0,0,0,0,0,0,0,0,0,0,0,0,0,0,0,0,0,0,0,0,0,0,0,0,0,0,0,0,0,0,0,0,0,0,0,0,0,0,0,0,0,0,0,0,0,0,0,0,0,0,0,0,0,0,0,0,0,0,0,
2304.6,10,0,0,0,0.030922213569283485,0.0005395992193371058,0.7607421875,0.2060546875,0.009915919043123722,0.03265390172600746,0.4072265625,0.2587890625,0.01182214729487896,0.03924927860498428,0.3505859375,0.3408203125,0.0313606821000576,0.025252481922507286,0.3759765625,0.3603515625,0.017269521951675415,0.02600744180381298,0.4130859375,0.6591796875,0.02987876534461975,0.0000016871924799488625,0.4814453125,0.7314453125,0.005015525035560131,0.007334110792726278,0.4169921875,0.7509765625,0.028451744467020035,0.01856185868382454,0.5458984375,0.7724609375,0.025889504700899124,0.0037784448359161615,0.4697265625,0.7841796875,0.009213808923959732,0.03472767770290375,0.7451171875,0.8193359375,0,0,0,0,0,0,0,0,0,0,0,0,0,0,0,0,0,0,0,0,0,0,0,0,0,0,0,0,0,0,0,0,0,0,0,0,0,0,0,0,0,0,0,0,0,0,0,0,0,0,0,0,0,0,0,0,0,0,0,0,0,0,0,0,0,0,0,0,0,0,0,0,0,0,0,0,0,0,0,0,0,0,0,0,0,0,0,0,0,0,0,0,0,0,0,0,0,0,0,0,0,0,0,0,0,0,0,0,0,0,0,0,0,0,0,0,0,0,0,0,0,0,0,0,0,0,0,0,0,0,0,0,0,0,0,0,0,0,0,0,0,0,0,0,0,0,0,0,0,0,0,0,0,0,0,0,
2305.0,10,0,0,0,0.030910464003682137,0.0004777163849212229,0.7607421875,0.2060546875,0.009852656163275242,0.028890162706375122,0.4072265625,0.2587890625,0.007168779615312815,0.05915578827261925,0.3505859375,0.3388671875,0.030774826183915138,0.036313291639089584,0.3779296875,0.3603515625,0.0173777025192976,0.02304411679506302,0.4130859375,0.6591796875,0.029764609411358833,0.0000014926876019671909,0.4814453125,0.7314453125,0.01770358346402645,0.021941810846328735,0.4189453125,0.7529296875,0.028421755880117416,0.016430748626589775,0.5458984375,0.7724609375,0.02586284466087818,0.0033446913585066795,0.4697265625,0.7841796875,0.009257093071937561,0.03075742907822132,0.7451171875,0.8193359375,0,0,0,0,0,0,0,0,0,0,0,0,0,0,0,0,0,0,0,0,0,0,0,0,0,0,0,0,0,0,0,0,0,0,0,0,0,0,0,0,0,0,0,0,0,0,0,0,0,0,0,0,0,0,0,0,0,0,0,0,0,0,0,0,0,0,0,0,0,0,0,0,0,0,0,0,0,0,0,0,0,0,0,0,0,0,0,0,0,0,0,0,0,0,0,0,0,0,0,0,0,0,0,0,0,0,0,0,0,0,0,0,0,0,0,0,0,0,0,0,0,0,0,0,0,0,0,0,0,0,0,0,0,0,0,0,0,0,0,0,0,0,0,0,0,0,0,0,0,0,0,0,0,0,0,0,
2305.4,9,0,0,0,0.03090602532029152,0.00042295007733628154,0.7607421875,0.2060546875,0.004133142996579409,0.03672591224312782,0.4052734375,0.2587890625,0.007487995084375143,0.05257521942257881,0.3505859375,0.3388671875,0.030762717127799988,0.03214849531650543,0.3779296875,0.3603515625,0.02967057004570961,0.0000013207801430326072,0.4814453125,0.7314453125,0.01297046896070242,0.018478719517588615,0.4189453125,0.7548828125,0.028383752331137657,0.014544018544256687,0.5458984375,0.7724609375,0.025830350816249847,0.002960597164928913,0.4697265625,0.7841796875,0.009127600118517876,0.027192439883947372,0.7451171875,0.8193359375,0,0,0,0,0,0,0,0,0,0,0,0,0,0,0,0,0,0,0,0,0,0,0,0,0,0,0,0,0,0,0,0,0,0,0,0,0,0,0,0,0,0,0,0,0,0,0,0,0,0,0,0,0,0,0,0,0,0,0,0,0,0,0,0,0,0,0,0,0,0,0,0,0,0,0,0,0,0,0,0,0,0,0,0,0,0,0,0,0,0,0,0,0,0,0,0,0,0,0,0,0,0,0,0,0,0,0,0,0,0,0,0,0,0,0,0,0,0,0,0,0,0,0,0,0,0,0,0,0,0,0,0,0,0,0,0,0,0,0,0,0,0,0,0,0,0,0,0,0,0,0,0,0,0,0,0,0,0,0,0,
2305.8,10,0,0,0,0.030908329412341118,0.00037447805516421795,0.7607421875,0.2060546875,0.004222153685986996,0.03257392719388008,0.4052734375,0.2587890625,0.007615148555487394,0.046614401042461395,0.3505859375,0.3388671875,0.03071398101747036,0.028454918414354324,0.3779296875,0.3603515625,0.017085690051317215,0.03557431697845459,0.4111328125,0.6572265625,0.029796350747346878,7.646328867849661e-7,0.4814453125,0.7294921875,0.007088240701705217,0.011843935586512089,0.4189453125,0.7568359375,0.02833845093846321,0.012873667292296886,0.5458984375,0.7724609375,0.025792334228754044,0.0026204970199614763,0.4697265625,0.7841796875,0.006288851145654917,0.037138909101486206,0.7470703125,0.8173828125,0,0,0,0,0,0,0,0,0,0,0,0,0,0,0,0,0,0,0,0,0,0,0,0,0,0,0,0,0,0,0,0,0,0,0,0,0,0,0,0,0,0,0,0,0,0,0,0,0,0,0,0,0,0,0,0,0,0,0,0,0,0,0,0,0,0,0,0,0,0,0,0,0,0,0,0,0,0,0,0,0,0,0,0,0,0,0,0,0,0,0,0,0,0,0,0,0,0,0,0,0,0,0,0,0,0,0,0,0,0,0,0,0,0,0,0,0,0,0,0,0,0,0,0,0,0,0,0,0,0,0,0,0,0,0,0,0,0,0,0,0,0,0,0,0,0,0,0,0,0,0,0,0,0,0,0,
2306.2,10,0,0,0,0.030916808173060417,0.00033157365396618843,0.7607421875,0.2060546875,0.017550569027662277,0.036538735032081604,0.4052734375,0.2607421875,0.007558298762887716,0.04123859480023384,0.3505859375,0.3388671875,0.03063134476542473,0.025180330500006676,0.3779296875,0.3603515625,0.017438866198062897,0.03157869353890419,0.4111328125,0.6572265625,0.029679836705327034,6.764673798898002e-7,0.4814453125,0.7294921875,0.01839410699903965,0.022815324366092682,0.4208984375,0.7587890625,0.028286203742027283,0.011394859291613102,0.5458984375,0.7724609375,0.025749240070581436,0.0023193738888949156,0.4697265625,0.7841796875,0.006483140867203474,0.032968685030937195,0.7470703125,0.8173828125,0,0,0,0,0,0,0,0,0,0,0,0,0,0,0,0,0,0,0,0,0,0,0,0,0,0,0,0,0,0,0,0,0,0,0,0,0,0,0,0,0,0,0,0,0,0,0,0,0,0,0,0,0,0,0,0,0,0,0,0,0,0,0,0,0,0,0,0,0,0,0,0,0,0,0,0,0,0,0,0,0,0,0,0,0,0,0,0,0,0,0,0,0,0,0,0,0,0,0,0,0,0,0,0,0,0,0,0,0,0,0,0,0,0,0,0,0,0,0,0,0,0,0,0,0,0,0,0,0,0,0,0,0,0,0,0,0,0,0,0,0,0,0,0,0,0,0,0,0,0,0,0,0,0,0,0,
2306.6,9,0,0,0,0.01759316585958004,0.0323583222925663,0.4052734375,0.2607421875,0.018646487966179848,0.0611555352807045,0.3525390625,0.3369140625,0.03051607310771942,0.0222778283059597,0.3779296875,0.3603515625,0.017666010186076164,0.02800542302429676,0.4111328125,0.6572265625,0.02958039939403534,5.985355642224022e-7,0.4814453125,0.7294921875,0.012839410454034805,0.01845724508166313,0.4208984375,0.7607421875,0.027947355061769485,0.016397634521126747,0.5478515625,0.7724609375,0.02570153959095478,0.0020527776796370745,0.4697265625,0.7841796875,0.00651681050658226,0.029200032353401184,0.7470703125,0.8173828125,0,0,0,0,0,0,0,0,0,0,0,0,0,0,0,0,0,0,0,0,0,0,0,0,0,0,0,0,0,0,0,0,0,0,0,0,0,0,0,0,0,0,0,0,0,0,0,0,0,0,0,0,0,0,0,0,0,0,0,0,0,0,0,0,0,0,0,0,0,0,0,0,0,0,0,0,0,0,0,0,0,0,0,0,0,0,0,0,0,0,0,0,0,0,0,0,0,0,0,0,0,0,0,0,0,0,0,0,0,0,0,0,0,0,0,0,0,0,0,0,0,0,0,0,0,0,0,0,0,0,0,0,0,0,0,0,0,0,0,0,0,0,0,0,0,0,0,0,0,0,0,0,0,0,0,0,0,0,0,0,
2307.0,7,0,0,0,0.030874336138367653,0.00016470499394927174,0.7607421875,0.2080078125,0.011198952794075012,0.04258232191205025,0.4033203125,0.2607421875,0.01925390399992466,0.05435594916343689,0.3525390625,0.3369140625,0.028627630323171616,0.033675312995910645,0.3798828125,0.3603515625,0.006077833939343691,0.011207363568246365,0.4208984375,0.7626953125,0.027910154312849045,0.014514639973640442,0.5478515625,0.7724609375,0.006407769862562418,0.02581060864031315,0.7470703125,0.8173828125,0,0,0,0,0,0,0,0,0,0,0,0,0,0,0,0,0,0,0,0,0,0,0,0,0,0,0,0,0,0,0,0,0,0,0,0,0,0,0,0,0,0,0,0,0,0,0,0,0,0,0,0,0,0,0,0,0,0,0,0,0,0,0,0,0,0,0,0,0,0,0,0,0,0,0,0,0,0,0,0,0,0,0,0,0,0,0,0,0,0,0,0,0,0,0,0,0,0,0,0,0,0,0,0,0,0,0,0,0,0,0,0,0,0,0,0,0,0,0,0,0,0,0,0,0,0,0,0,0,0,0,0,0,0,0,0,0,0,0,0,0,0,0,0,0,0,0,0,0,0,0,0,0,0,0,0,0,0,0,0,0,0,0,0,0,0,0,0,
2307.4,8,0,0,0,0.03083844669163227,0.00014579355774912983,0.7607421875,0.2080078125,0.011489332653582096,0.037793200463056564,0.4033203125,0.2607421875,0.019611960276961327,0.0482342429459095,0.3525390625,0.3369140625,0.028532853350043297,0.02979724109172821,0.3798828125,0.3603515625,0.02976744994521141,3.0696071462443797e-7,0.4814453125,0.7275390625,0.0164902713149786,0.021590040996670723,0.4228515625,0.7646484375,0.027864836156368256,0.012847479432821274,0.5478515625,0.7724609375,0.0166306309401989,0.032231200486421585,0.7490234375,0.8173828125,0,0,0,0,0,0,0,0,0,0,0,0,0,0,0,0,0,0,0,0,0,0,0,0,0,0,0,0,0,0,0,0,0,0,0,0,0,0,0,0,0,0,0,0,0,0,0,0,0,0,0,0,0,0,0,0,0,0,0,0,0,0,0,0,0,0,0,0,0,0,0,0,0,0,0,0,0,0,0,0,0,0,0,0,0,0,0,0,0,0,0,0,0,0,0,0,0,0,0,0,0,0,0,0,0,0,0,0,0,0,0,0,0,0,0,0,0,0,0,0,0,0,0,0,0,0,0,0,0,0,0,0,0,0,0,0,0,0,0,0,0,0,0,0,0,0,0,0,0,0,0,0,0,0,0,0,0,0,0,0,0,0,0,0,
2307.8,9,0,0,0,0.03080826625227928,0.00012905779294669628,0.7607421875,0.2080078125,0.011580470949411392,0.0334840826690197,0.4033203125,0.2607421875,0.01976684108376503,0.04274555295705795,0.3525390625,0.3369140625,0.01986733265221119,0.03839467093348503,0.4091796875,0.6552734375,0.029670409858226776,2.716008395964309e-7,0.4814453125,0.7275390625,0.009102679789066315,0.016025561839342117,0.4228515625,0.7666015625,0.027811752632260323,0.011371409520506859,0.5478515625,0.7724609375,0.026640204712748528,0.00248119723983109,0.4677734375,0.7841796875,0.004188826307654381,0.030810190364718437,0.7490234375,0.8154296875,0,0,0,0,0,0,0,0,0,0,0,0,0,0,0,0,0,0,0,0,0,0,0,0,0,0,0,0,0,0,0,0,0,0,0,0,0,0,0,0,0,0,0,0,0,0,0,0,0,0,0,0,0,0,0,0,0,0,0,0,0,0,0,0,0,0,0,0,0,0,0,0,0,0,0,0,0,0,0,0,0,0,0,0,0,0,0,0,0,0,0,0,0,0,0,0,0,0,0,0,0,0,0,0,0,0,0,0,0,0,0,0,0,0,0,0,0,0,0,0,0,0,0,0,0,0,0,0,0,0,0,0,0,0,0,0,0,0,0,0,0,0,0,0,0,0,0,0,0,0,0,0,0,0,0,0,0,0,0,0,
2308.2,8,0,0,0,0.030783718451857567,0.00011424682452343404,0.7607421875,0.2080078125,0.015611051581799984,0.06368029117584229,0.3525390625,0.3349609375,0.03171908110380173,0.02602904476225376,0.3798828125,0.3583984375,0.020136523991823196,0.03406427428126335,0.4091796875,0.6552734375,0.009209121577441692,0.014202931895852089,0.4228515625,0.7666015625,0.027612484991550446,0.016355101019144058,0.5498046875,0.7724609375,0.02660529688000679,0.0021963140461593866,0.4677734375,0.7841796875,0.004214838612824678,0.02729041501879692,0.7490234375,0.8154296875,0,0,0,0,0,0,0,0,0,0,0,0,0,0,0,0,0,0,0,0,0,0,0,0,0,0,0,0,0,0,0,0,0,0,0,0,0,0,0,0,0,0,0,0,0,0,0,0,0,0,0,0,0,0,0,0,0,0,0,0,0,0,0,0,0,0,0,0,0,0,0,0,0,0,0,0,0,0,0,0,0,0,0,0,0,0,0,0,0,0,0,0,0,0,0,0,0,0,0,0,0,0,0,0,0,0,0,0,0,0,0,0,0,0,0,0,0,0,0,0,0,0,0,0,0,0,0,0,0,0,0,0,0,0,0,0,0,0,0,0,0,0,0,0,0,0,0,0,0,0,0,0,0,0,0,0,0,0,0,0,0,0,0,0,
2308.6,10,0,0,0,0.030764620751142502,0.00010113871394423768,0.7607421875,0.2080078125,0.005772648844867945,0.038370005786418915,0.4013671875,0.2607421875,0.016341762617230415,0.05665697157382965,0.3525390625,0.3349609375,0.03167004883289337,0.02304285205900669,0.3798828125,0.3583984375,0.020301202312111855,0.03019808791577816,0.4091796875,0.6552734375,0.029928728938102722,1.4810989057423285e-7,0.4814453125,0.7255859375,0.018291963264346123,0.02143644355237484,0.4248046875,0.7685546875,0.027574313804507256,0.014477143995463848,0.5498046875,0.7724609375,0.026568783447146416,0.0019441377371549606,0.4677734375,0.7841796875,0.013816197402775288,0.03486694023013115,0.7509765625,0.8154296875,0,0,0,0,0,0,0,0,0,0,0,0,0,0,0,0,0,0,0,0,0,0,0,0,0,0,0,0,0,0,0,0,0,0,0,0,0,0,0,0,0,0,0,0,0,0,0,0,0,0,0,0,0,0,0,0,0,0,0,0,0,0,0,0,0,0,0,0,0,0,0,0,0,0,0,0,0,0,0,0,0,0,0,0,0,0,0,0,0,0,0,0,0,0,0,0,0,0,0,0,0,0,0,0,0,0,0,0,0,0,0,0,0,0,0,0,0,0,0,0,0,0,0,0,0,0,0,0,0,0,0,0,0,0,0,0,0,0,0,0,0,0,0,0,0,0,0,0,0,0,0,0,0,0,0,0,
2309.0,9,0,0,0,0.03075067698955536,0.00008953706856118515,0.7607421875,0.2080078125,0.0058750431053340435,0.03402145951986313,0.4013671875,0.2607421875,0.016777778044342995,0.05030522495508194,0.3525390625,0.3349609375,0.03131263703107834,0.033188436180353165,0.3818359375,0.3583984375,0.02037789113819599,0.026752211153507233,0.4091796875,0.6552734375,0.029841022565960884,1.3105882601394114e-7,0.4814453125,0.7255859375,0.011299272999167442,0.016714751720428467,0.4248046875,0.7705078125,0.026530705392360687,0.0017209111247211695,0.4677734375,0.7841796875,0.013816275633871555,0.03086755983531475,0.7509765625,0.8154296875,0,0,0,0,0,0,0,0,0,0,0,0,0,0,0,0,0,0,0,0,0,0,0,0,0,0,0,0,0,0,0,0,0,0,0,0,0,0,0,0,0,0,0,0,0,0,0,0,0,0,0,0,0,0,0,0,0,0,0,0,0,0,0,0,0,0,0,0,0,0,0,0,0,0,0,0,0,0,0,0,0,0,0,0,0,0,0,0,0,0,0,0,0,0,0,0,0,0,0,0,0,0,0,0,0,0,0,0,0,0,0,0,0,0,0,0,0,0,0,0,0,0,0,0,0,0,0,0,0,0,0,0,0,0,0,0,0,0,0,0,0,0,0,0,0,0,0,0,0,0,0,0,0,0,0,0,0,0,0,0,
2309.4,8,0,0,0,0.005845747888088226,0.030104827135801315,0.4013671875,0.2607421875,0.016962749883532524,0.044590070843696594,0.3525390625,0.3349609375,0.03128846362233162,0.029379671439528465,0.3818359375,0.3583984375,0.029762957245111465,1.1597753513115094e-7,0.4814453125,0.7255859375,0.019273970276117325,0.024057798087596893,0.4267578125,0.7724609375,0.02327294647693634,0.019005538895726204,0.5517578125,0.7744140625,0.026491079479455948,0.0015233096200972795,0.4677734375,0.7841796875,0.0025353741366416216,0.029909836128354073,0.7509765625,0.8134765625,0,0,0,0,0,0,0,0,0,0,0,0,0,0,0,0,0,0,0,0,0,0,0,0,0,0,0,0,0,0,0,0,0,0,0,0,0,0,0,0,0,0,0,0,0,0,0,0,0,0,0,0,0,0,0,0,0,0,0,0,0,0,0,0,0,0,0,0,0,0,0,0,0,0,0,0,0,0,0,0,0,0,0,0,0,0,0,0,0,0,0,0,0,0,0,0,0,0,0,0,0,0,0,0,0,0,0,0,0,0,0,0,0,0,0,0,0,0,0,0,0,0,0,0,0,0,0,0,0,0,0,0,0,0,0,0,0,0,0,0,0,0,0,0,0,0,0,0,0,0,0,0,0,0,0,0,0,0,0,0,0,0,0,0,
2309.8,8,0,0,0,0.013730941340327263,0.04817769676446915,0.3994140625,0.2626953125,0.012548812665045261,0.06617221236228943,0.3525390625,0.3330078125,0.031237656250596046,0.026004284620285034,0.3818359375,0.3583984375,0.022868826985359192,0.040811099112033844,0.4072265625,0.6533203125,0.01917947642505169,0.0212822575122118,0.4267578125,0.7724609375,0.023211421445012093,0.016819341108202934,0.5517578125,0.7744140625,0.02644990384578705,0.0013483900111168623,0.4677734375,0.7841796875,0.002550416626036167,0.026492280885577202,0.7509765625,0.8134765625,0,0,0,0,0,0,0,0,0,0,0,0,0,0,0,0,0,0,0,0,0,0,0,0,0,0,0,0,0,0,0,0,0,0,0,0,0,0,0,0,0,0,0,0,0,0,0,0,0,0,0,0,0,0,0,0,0,0,0,0,0,0,0,0,0,0,0,0,0,0,0,0,0,0,0,0,0,0,0,0,0,0,0,0,0,0,0,0,0,0,0,0,0,0,0,0,0,0,0,0,0,0,0,0,0,0,0,0,0,0,0,0,0,0,0,0,0,0,0,0,0,0,0,0,0,0,0,0,0,0,0,0,0,0,0,0,0,0,0,0,0,0,0,0,0,0,0,0,0,0,0,0,0,0,0,0,0,0,0,0,0,0,0,0,
2310.2,10,0,0,0,0.03064114600419998,0.00004056840407429263,0.7607421875,0.2099609375,0.01419488713145256,0.042804691940546036,0.3994140625,0.2626953125,0.013335524126887321,0.0589359812438488,0.3525390625,0.3330078125,0.03116263635456562,0.023013576865196228,0.3818359375,0.3583984375,0.022973233833909035,0.03616642579436302,0.4072265625,0.6533203125,0.029967041686177254,6.516431483305496e-8,0.4814453125,0.7236328125,0.01255964208394289,0.016688045114278793,0.4267578125,0.7744140625,0.023093977943062782,0.014878896996378899,0.5517578125,0.7744140625,0.026407156139612198,0.0011935479706153274,0.4677734375,0.7841796875,0.010609973222017288,0.033333342522382736,0.7529296875,0.8134765625,0,0,0,0,0,0,0,0,0,0,0,0,0,0,0,0,0,0,0,0,0,0,0,0,0,0,0,0,0,0,0,0,0,0,0,0,0,0,0,0,0,0,0,0,0,0,0,0,0,0,0,0,0,0,0,0,0,0,0,0,0,0,0,0,0,0,0,0,0,0,0,0,0,0,0,0,0,0,0,0,0,0,0,0,0,0,0,0,0,0,0,0,0,0,0,0,0,0,0,0,0,0,0,0,0,0,0,0,0,0,0,0,0,0,0,0,0,0,0,0,0,0,0,0,0,0,0,0,0,0,0,0,0,0,0,0,0,0,0,0,0,0,0,0,0,0,0,0,0,0,0,0,0,0,0,0,
2310.6,10,0,0,0,0.030604422092437744,0.00003591020868043415,0.7607421875,0.2099609375,0.014440208673477173,0.037965964525938034,0.3994140625,0.2626953125,0.013842679560184479,0.052372291684150696,0.3525390625,0.3330078125,0.03010088950395584,0.03497797250747681,0.3837890625,0.3583984375,0.023025615140795708,0.03203586861491203,0.4072265625,0.6533203125,0.029897918924689293,5.767176602944346e-8,0.4814453125,0.7236328125,0.02463747374713421,0.020936330780386925,0.5537109375,0.7744140625,0.019718429073691368,0.02304663322865963,0.4287109375,0.7763671875,0.026362815871834755,0.0010564777767285705,0.4677734375,0.7841796875,0.010603250004351139,0.029507596045732498,0.7529296875,0.8134765625,0,0,0,0,0,0,0,0,0,0,0,0,0,0,0,0,0,0,0,0,0,0,0,0,0,0,0,0,0,0,0,0,0,0,0,0,0,0,0,0,0,0,0,0,0,0,0,0,0,0,0,0,0,0,0,0,0,0,0,0,0,0,0,0,0,0,0,0,0,0,0,0,0,0,0,0,0,0,0,0,0,0,0,0,0,0,0,0,0,0,0,0,0,0,0,0,0,0,0,0,0,0,0,0,0,0,0,0,0,0,0,0,0,0,0,0,0,0,0,0,0,0,0,0,0,0,0,0,0,0,0,0,0,0,0,0,0,0,0,0,0,0,0,0,0,0,0,0,0,0,0,0,0,0,0,0,
2311.0,9,0,0,0,0.030571673065423965,0.00003178740735165775,0.7607421875,0.2099609375,0.014491946436464787,0.03362433984875679,0.3994140625,0.2626953125,0.014088373631238937,0.04644785821437836,0.3525390625,0.3330078125,0.03008687123656273,0.030966028571128845,0.3837890625,0.3583984375,0.021067379042506218,0.046026021242141724,0.4052734375,0.6533203125,0.024565838277339935,0.018526369705796242,0.5537109375,0.7744140625,0.019617043435573578,0.02038630098104477,0.4287109375,0.7763671875,0.026316817849874496,0.0009351394255645573,0.4677734375,0.7841796875,0.010423443280160427,0.02607857435941696,0.7529296875,0.8134765625,0,0,0,0,0,0,0,0,0,0,0,0,0,0,0,0,0,0,0,0,0,0,0,0,0,0,0,0,0,0,0,0,0,0,0,0,0,0,0,0,0,0,0,0,0,0,0,0,0,0,0,0,0,0,0,0,0,0,0,0,0,0,0,0,0,0,0,0,0,0,0,0,0,0,0,0,0,0,0,0,0,0,0,0,0,0,0,0,0,0,0,0,0,0,0,0,0,0,0,0,0,0,0,0,0,0,0,0,0,0,0,0,0,0,0,0,0,0,0,0,0,0,0,0,0,0,0,0,0,0,0,0,0,0,0,0,0,0,0,0,0,0,0,0,0,0,0,0,0,0,0,0,0,0,0,0,0,0,0,0,
2311.4,8,0,0,0,0.03054288774728775,0.000028138418201706372,0.7607421875,0.2099609375,0.008480412885546684,0.04429011791944504,0.3974609375,0.2626953125,0.030015913769602776,0.02740405686199665,0.3837890625,0.3583984375,0.0213586688041687,0.04084140434861183,0.4052734375,0.6533203125,0.025264250114560127,0.025824610143899918,0.5556640625,0.7744140625,0.01336120255291462,0.016667673364281654,0.4287109375,0.7783203125,0.025619322434067726,0.0017179305432364345,0.4658203125,0.7861328125,0.007288891822099686,0.03675762563943863,0.7548828125,0.8115234375,0,0,0,0,0,0,0,0,0,0,0,0,0,0,0,0,0,0,0,0,0,0,0,0,0,0,0,0,0,0,0,0,0,0,0,0,0,0,0,0,0,0,0,0,0,0,0,0,0,0,0,0,0,0,0,0,0,0,0,0,0,0,0,0,0,0,0,0,0,0,0,0,0,0,0,0,0,0,0,0,0,0,0,0,0,0,0,0,0,0,0,0,0,0,0,0,0,0,0,0,0,0,0,0,0,0,0,0,0,0,0,0,0,0,0,0,0,0,0,0,0,0,0,0,0,0,0,0,0,0,0,0,0,0,0,0,0,0,0,0,0,0,0,0,0,0,0,0,0,0,0,0,0,0,0,0,0,0,0,0,0,0,0,0,
2311.8,9,0,0,0,0.03051798604428768,0.000024908695195335895,0.7607421875,0.2099609375,0.008781224489212036,0.03933645784854889,0.3974609375,0.2626953125,0.010570565238595009,0.05937938764691353,0.3525390625,0.3310546875,0.02989368885755539,0.02424369752407074,0.3837890625,0.3583984375,0.0215391106903553,0.03621052950620651,0.4052734375,0.6533203125,0.026448028162121773,2.0630773533980573e-8,0.4833984375,0.7216796875,0.02519409731030464,0.022852003574371338,0.5556640625,0.7744140625,0.025586405768990517,0.0015206419629976153,0.4658203125,0.7861328125,0.00743246590718627,0.032598912715911865,0.7548828125,0.8115234375,0,0,0,0,0,0,0,0,0,0,0,0,0,0,0,0,0,0,0,0,0,0,0,0,0,0,0,0,0,0,0,0,0,0,0,0,0,0,0,0,0,0,0,0,0,0,0,0,0,0,0,0,0,0,0,0,0,0,0,0,0,0,0,0,0,0,0,0,0,0,0,0,0,0,0,0,0,0,0,0,0,0,0,0,0,0,0,0,0,0,0,0,0,0,0,0,0,0,0,0,0,0,0,0,0,0,0,0,0,0,0,0,0,0,0,0,0,0,0,0,0,0,0,0,0,0,0,0,0,0,0,0,0,0,0,0,0,0,0,0,0,0,0,0,0,0,0,0,0,0,0,0,0,0,0,0,0,0,0,0,
2312.2,8,0,0,0,0.008900011889636517,0.034867458045482635,0.3974609375,0.2626953125,0.011130750179290771,0.05282536894083023,0.3525390625,0.3310546875,0.029721571132540703,0.021440861746668816,0.3837890625,0.3583984375,0.02162959985435009,0.032082319259643555,0.4052734375,0.6533203125,0.02816683240234852,1.3636869411470798e-8,0.4833984375,0.7197265625,0.025167163461446762,0.029623880982398987,0.5576171875,0.7744140625,0.025549406185746193,0.001345968572422862,0.4658203125,0.7861328125,0.007407443132251501,0.028850102797150612,0.7548828125,0.8115234375,0,0,0,0,0,0,0,0,0,0,0,0,0,0,0,0,0,0,0,0,0,0,0,0,0,0,0,0,0,0,0,0,0,0,0,0,0,0,0,0,0,0,0,0,0,0,0,0,0,0,0,0,0,0,0,0,0,0,0,0,0,0,0,0,0,0,0,0,0,0,0,0,0,0,0,0,0,0,0,0,0,0,0,0,0,0,0,0,0,0,0,0,0,0,0,0,0,0,0,0,0,0,0,0,0,0,0,0,0,0,0,0,0,0,0,0,0,0,0,0,0,0,0,0,0,0,0,0,0,0,0,0,0,0,0,0,0,0,0,0,0,0,0,0,0,0,0,0,0,0,0,0,0,0,0,0,0,0,0,0,0,0,0,0,
2312.6,9,0,0,0,0.008848258294165134,0.030850546434521675,0.3974609375,0.2626953125,0.011447764933109283,0.046891070902347565,0.3525390625,0.3310546875,0.02772691659629345,0.03241483122110367,0.3857421875,0.3583984375,0.018421676009893417,0.047080691903829575,0.4033203125,0.6533203125,0.028057005256414413,1.2064621301988154e-8,0.4833984375,0.7197265625,0.024719571694731712,0.04064279422163963,0.5615234375,0.7724609375,0.01430032029747963,0.017521901056170464,0.4306640625,0.7822265625,0.02550843171775341,0.0011913235066458583,0.4658203125,0.7861328125,0.017144113779067993,0.03545850142836571,0.7568359375,0.8115234375,0,0,0,0,0,0,0,0,0,0,0,0,0,0,0,0,0,0,0,0,0,0,0,0,0,0,0,0,0,0,0,0,0,0,0,0,0,0,0,0,0,0,0,0,0,0,0,0,0,0,0,0,0,0,0,0,0,0,0,0,0,0,0,0,0,0,0,0,0,0,0,0,0,0,0,0,0,0,0,0,0,0,0,0,0,0,0,0,0,0,0,0,0,0,0,0,0,0,0,0,0,0,0,0,0,0,0,0,0,0,0,0,0,0,0,0,0,0,0,0,0,0,0,0,0,0,0,0,0,0,0,0,0,0,0,0,0,0,0,0,0,0,0,0,0,0,0,0,0,0,0,0,0,0,0,0,0,0,0,0,
2313.0,10,0,0,0,0.030383123084902763,0.000011628566426225007,0.7607421875,0.2119140625,0.004422338213771582,0.041582219302654266,0.3955078125,0.2626953125,0.011531811207532883,0.04154093563556671,0.3525390625,0.3310546875,0.027641523629426956,0.028684016317129135,0.3857421875,0.3583984375,0.018837442621588707,0.04180438444018364,0.4033203125,0.6533203125,0.027963079512119293,1.0674817474409792e-8,0.4833984375,0.7197265625,0.023606710135936737,0.04055260494351387,0.5634765625,0.7705078125,0.006204737350344658,0.011590446345508099,0.4306640625,0.7841796875,0.025463510304689407,0.0010544139659032226,0.4658203125,0.7861328125,0.004500786308199167,0.03448072820901871,0.7568359375,0.8095703125,0,0,0,0,0,0,0,0,0,0,0,0,0,0,0,0,0,0,0,0,0,0,0,0,0,0,0,0,0,0,0,0,0,0,0,0,0,0,0,0,0,0,0,0,0,0,0,0,0,0,0,0,0,0,0,0,0,0,0,0,0,0,0,0,0,0,0,0,0,0,0,0,0,0,0,0,0,0,0,0,0,0,0,0,0,0,0,0,0,0,0,0,0,0,0,0,0,0,0,0,0,0,0,0,0,0,0,0,0,0,0,0,0,0,0,0,0,0,0,0,0,0,0,0,0,0,0,0,0,0,0,0,0,0,0,0,0,0,0,0,0,0,0,0,0,0,0,0,0,0,0,0,0,0,0,0,
2313.4,8,0,0,0,0.030344616621732712,0.000010293367267877329,0.7607421875,0.2119140625,0.0045344289392232895,0.03689347580075264,0.3955078125,0.2626953125,0.008599682711064816,0.0618959479033947,0.3525390625,0.3291015625,0.03207794949412346,0.026036474853754044,0.3857421875,0.3564453125,0.025058193132281303,0.03597400337457657,0.5634765625,0.7666015625,0.015636328607797623,0.021838465705513954,0.4326171875,0.7861328125,0.02541458047926426,0.0009332088520750403,0.4658203125,0.7861328125,0.0046012187376618385,0.030584784224629402,0.7568359375,0.8095703125,0,0,0,0,0,0,0,0,0,0,0,0,0,0,0,0,0,0,0,0,0,0,0,0,0,0,0,0,0,0,0,0,0,0,0,0,0,0,0,0,0,0,0,0,0,0,0,0,0,0,0,0,0,0,0,0,0,0,0,0,0,0,0,0,0,0,0,0,0,0,0,0,0,0,0,0,0,0,0,0,0,0,0,0,0,0,0,0,0,0,0,0,0,0,0,0,0,0,0,0,0,0,0,0,0,0,0,0,0,0,0,0,0,0,0,0,0,0,0,0,0,0,0,0,0,0,0,0,0,0,0,0,0,0,0,0,0,0,0,0,0,0,0,0,0,0,0,0,0,0,0,0,0,0,0,0,0,0,0,0,0,0,0,0,
2313.8,9,0,0,0,0.024352848529815674,0.000006477573151641991,0.7626953125,0.2119140625,0.017973195761442184,0.0371691919863224,0.3955078125,0.2646484375,0.00919671542942524,0.05513353273272514,0.3525390625,0.3291015625,0.03203405439853668,0.023047884926199913,0.3857421875,0.3564453125,0.02448616363108158,0.03545840084552765,0.4033203125,0.6513671875,0.0288711991161108,6.4090102114278125e-9,0.4833984375,0.7177734375,0.023574087768793106,0.03676961362361908,0.5654296875,0.7646484375,0.015602966770529747,0.019328663125634193,0.4326171875,0.7861328125,0.004581664688885212,0.027065640315413475,0.7568359375,0.8095703125,0,0,0,0,0,0,0,0,0,0,0,0,0,0,0,0,0,0,0,0,0,0,0,0,0,0,0,0,0,0,0,0,0,0,0,0,0,0,0,0,0,0,0,0,0,0,0,0,0,0,0,0,0,0,0,0,0,0,0,0,0,0,0,0,0,0,0,0,0,0,0,0,0,0,0,0,0,0,0,0,0,0,0,0,0,0,0,0,0,0,0,0,0,0,0,0,0,0,0,0,0,0,0,0,0,0,0,0,0,0,0,0,0,0,0,0,0,0,0,0,0,0,0,0,0,0,0,0,0,0,0,0,0,0,0,0,0,0,0,0,0,0,0,0,0,0,0,0,0,0,0,0,0,0,0,0,0,0,0,0,
2314.2,10,0,0,0,0.024420756846666336,0.000005737080755352508,0.7626953125,0.2119140625,0.012607593089342117,0.05135825276374817,0.3935546875,0.2646484375,0.009577197954058647,0.04899168387055397,0.3525390625,0.3291015625,0.031980615109205246,0.020403066650032997,0.3857421875,0.3564453125,0.023920714855194092,0.05273012816905975,0.4013671875,0.6513671875,0.02879340760409832,5.671452640854113e-9,0.4833984375,0.7177734375,0.02434677444398403,0.035526540130376816,0.5654296875,0.7626953125,0.00767219252884388,0.015261736698448658,0.4326171875,0.7880859375,0.02564190700650215,0.002002679742872715,0.4638671875,0.7880859375,0.013952860608696938,0.03404509276151657,0.7587890625,0.8095703125,0,0,0,0,0,0,0,0,0,0,0,0,0,0,0,0,0,0,0,0,0,0,0,0,0,0,0,0,0,0,0,0,0,0,0,0,0,0,0,0,0,0,0,0,0,0,0,0,0,0,0,0,0,0,0,0,0,0,0,0,0,0,0,0,0,0,0,0,0,0,0,0,0,0,0,0,0,0,0,0,0,0,0,0,0,0,0,0,0,0,0,0,0,0,0,0,0,0,0,0,0,0,0,0,0,0,0,0,0,0,0,0,0,0,0,0,0,0,0,0,0,0,0,0,0,0,0,0,0,0,0,0,0,0,0,0,0,0,0,0,0,0,0,0,0,0,0,0,0,0,0,0,0,0,0,0,
2314.6,9,0,0,0,0.02451900579035282,0.000005082164079794893,0.7626953125,0.2119140625,0.013133862055838108,0.045660167932510376,0.3935546875,0.2646484375,0.009734084829688072,0.0434366911649704,0.3525390625,0.3291015625,0.03184109181165695,0.030312592163681984,0.3876953125,0.3564453125,0.02409711480140686,0.046754784882068634,0.4013671875,0.6513671875,0.028722915798425674,5.01900077054529e-9,0.4833984375,0.7177734375,0.024744993075728416,0.034314777702093124,0.5654296875,0.7607421875,0.025597887113690376,0.0017725697252899408,0.4638671875,0.7880859375,0.013899581506848335,0.030127137899398804,0.7587890625,0.8095703125,0,0,0,0,0,0,0,0,0,0,0,0,0,0,0,0,0,0,0,0,0,0,0,0,0,0,0,0,0,0,0,0,0,0,0,0,0,0,0,0,0,0,0,0,0,0,0,0,0,0,0,0,0,0,0,0,0,0,0,0,0,0,0,0,0,0,0,0,0,0,0,0,0,0,0,0,0,0,0,0,0,0,0,0,0,0,0,0,0,0,0,0,0,0,0,0,0,0,0,0,0,0,0,0,0,0,0,0,0,0,0,0,0,0,0,0,0,0,0,0,0,0,0,0,0,0,0,0,0,0,0,0,0,0,0,0,0,0,0,0,0,0,0,0,0,0,0,0,0,0,0,0,0,0,0,0,0,0,0,0,
2315.0,9,0,0,0,0.02464579977095127,0.000004502790034166537,0.7626953125,0.2119140625,0.01343455445021391,0.04051893949508667,0.3935546875,0.2646484375,0.007423884235322475,0.0648932009935379,0.3525390625,0.3271484375,0.03181081637740135,0.026832886040210724,0.3876953125,0.3564453125,0.02420259453356266,0.04143228754401207,0.4013671875,0.6513671875,0.024702399969100952,0.030381083488464355,0.5654296875,0.7607421875,0.0172145813703537,0.02059854008257389,0.4345703125,0.7900390625,0.023667018860578537,0.002756797708570957,0.4638671875,0.7900390625,0.002550027333199978,0.028158271685242653,0.7587890625,0.8076171875,0,0,0,0,0,0,0,0,0,0,0,0,0,0,0,0,0,0,0,0,0,0,0,0,0,0,0,0,0,0,0,0,0,0,0,0,0,0,0,0,0,0,0,0,0,0,0,0,0,0,0,0,0,0,0,0,0,0,0,0,0,0,0,0,0,0,0,0,0,0,0,0,0,0,0,0,0,0,0,0,0,0,0,0,0,0,0,0,0,0,0,0,0,0,0,0,0,0,0,0,0,0,0,0,0,0,0,0,0,0,0,0,0,0,0,0,0,0,0,0,0,0,0,0,0,0,0,0,0,0,0,0,0,0,0,0,0,0,0,0,0,0,0,0,0,0,0,0,0,0,0,0,0,0,0,0,0,0,0,0,
2315.4,9,0,0,0,0.024798979982733727,0.000003990117420471506,0.7626953125,0.2119140625,0.013528827577829361,0.03589766100049019,0.3935546875,0.2646484375,0.008037067949771881,0.05786202847957611,0.3525390625,0.3271484375,0.0317612923681736,0.02375068888068199,0.3876953125,0.3564453125,0.024255238473415375,0.036699552088975906,0.4013671875,0.6513671875,0.02632349357008934,2.104280083514709e-9,0.4853515625,0.7158203125,0.02492620423436165,0.029910927638411522,0.5654296875,0.7587890625,0.01019762922078371,0.019676445052027702,0.4345703125,0.7919921875,0.010109560564160347,0.03635263070464134,0.7607421875,0.8076171875,0,0,0,0,0,0,0,0,0,0,0,0,0,0,0,0,0,0,0,0,0,0,0,0,0,0,0,0,0,0,0,0,0,0,0,0,0,0,0,0,0,0,0,0,0,0,0,0,0,0,0,0,0,0,0,0,0,0,0,0,0,0,0,0,0,0,0,0,0,0,0,0,0,0,0,0,0,0,0,0,0,0,0,0,0,0,0,0,0,0,0,0,0,0,0,0,0,0,0,0,0,0,0,0,0,0,0,0,0,0,0,0,0,0,0,0,0,0,0,0,0,0,0,0,0,0,0,0,0,0,0,0,0,0,0,0,0,0,0,0,0,0,0,0,0,0,0,0,0,0,0,0,0,0,0,0,0,0,0,0,
2315.8,10,0,0,0,0.02581031806766987,0.000002467858621457708,0.7626953125,0.2138671875,0.008119798265397549,0.049142006784677505,0.3916015625,0.2646484375,0.008458388037979603,0.05146246775984764,0.3525390625,0.3271484375,0.03169335424900055,0.021020755171775818,0.3876953125,0.3564453125,0.023204093798995018,0.05213805288076401,0.3994140625,0.6513671875,0.026240121573209763,1.8620117669954084e-9,0.4853515625,0.7158203125,0.020647110417485237,0.027361445128917694,0.5673828125,0.7568359375,0.01021699421107769,0.017422456294298172,0.4345703125,0.7919921875,0.025767207145690918,0.005476377904415131,0.4619140625,0.7919921875,0.010254429653286934,0.0322270430624485,0.7607421875,0.8076171875,0,0,0,0,0,0,0,0,0,0,0,0,0,0,0,0,0,0,0,0,0,0,0,0,0,0,0,0,0,0,0,0,0,0,0,0,0,0,0,0,0,0,0,0,0,0,0,0,0,0,0,0,0,0,0,0,0,0,0,0,0,0,0,0,0,0,0,0,0,0,0,0,0,0,0,0,0,0,0,0,0,0,0,0,0,0,0,0,0,0,0,0,0,0,0,0,0,0,0,0,0,0,0,0,0,0,0,0,0,0,0,0,0,0,0,0,0,0,0,0,0,0,0,0,0,0,0,0,0,0,0,0,0,0,0,0,0,0,0,0,0,0,0,0,0,0,0,0,0,0,0,0,0,0,0,0