,x,y,z,group
0,9.469574598321973,7.665456627035567,-93.46674032130093,-1
1,9.955910598321967,11.001371627035567,-116.91830932130094,-1
2,2.70112659832197,-9.739076372964433,-68.46271232130093,-1
3,-14.37100140167803,-3.048692372964439,-89.41811132130093,-1
4,3.0570305983219725,8.224630627035566,-81.09303732130093,-1
5,-8.94194540167803,-10.09509437296444,-104.83527132130092,-1
6,-6.94885740167803,12.355519627035562,-106.12958232130094,-1
7,-13.10136940167803,-9.240968372964431,-99.86740632130093,-1
8,15.845894598321973,6.193387627035563,-106.56462532130092,-1
9,-4.056697401678029,10.129842627035558,-117.51166232130095,-1
10,8.91027859832197,-2.8328653729644344,-116.38255832130093,-1
11,7.052998598321974,5.427999627035561,-119.02565432130095,-1
12,12.08551059832197,0.7140256270355678,-115.65309632130092,-1
13,-6.8097854016780275,-3.371752372964437,-111.29317232130094,-1
14,-10.781241401678027,-12.219499372964435,-94.09525032130094,-1
15,15.99155859832197,-1.0586643729644294,-95.04050132130092,2
16,12.536518598321972,9.524320627035564,-113.07288032130094,-1
17,-11.35717740167803,9.784841627035561,-84.03062932130092,-1
18,-9.91276140167803,10.494870627035567,-81.28716032130095,-1
19,8.47211159832197,10.292981627035559,-96.18564332130094,-1
20,-3.9856164016780298,16.179517627035565,-104.04955032130093,-1
21,-6.837712401678029,-10.782465372964438,-77.51894132130093,-1
22,-12.08648040167803,4.114804627035568,-80.91844632130093,-1
23,3.665135598321971,10.973890627035559,-81.02823332130095,-1
24,-4.59297640167803,12.362142627035567,-73.16083232130094,2
25,14.853039598321974,7.876203627035565,-107.77711932130094,-1
26,-3.5749924016780277,13.854177627035568,-109.85010232130094,-1
27,-6.6014244016780275,-3.7170583729644306,-72.33932932130094,-1
28,-13.460368401678029,-5.413347372964438,-101.64653532130095,-1
29,-8.423888401678028,-0.698656372964436,-73.65849732130093,-1
30,-1.94497640167803,15.591489627035557,-114.40921532130093,-1
31,-12.724944401678028,6.272733627035564,-84.61316432130093,-1
32,2.476143598321972,13.547132627035566,-88.40677332130093,-1
33,-4.875024401678029,18.313810627035565,-76.03468832130093,2
34,-12.142928401678029,8.06118562703557,-84.39767932130093,-1
35,1.3896565983219702,-11.690851372964431,-69.73206032130093,-1
36,0.6950005983219718,-17.386095372964434,-96.12315832130093,-1
37,-6.6239754016780275,-13.222635372964433,-108.53348232130094,-1
38,-1.1739914016780304,16.09370262703557,-114.55396032130093,-1
39,-3.839335401678028,16.748502627035563,-118.17264232130094,-1
40,3.97192859832197,-0.13904737296444125,-83.75247632130095,-1
41,-4.73648740167803,11.51331862703556,-117.53290232130092,-1
42,3.023640598321972,13.510907627035564,-86.54906132130094,-1
43,-3.1209994016780307,-18.119699372964433,-99.31981332130093,-1
44,-8.81866340167803,7.811589627035559,-77.84743232130094,-1
45,5.327320598321972,5.715932627035571,-85.71878532130094,-1
46,4.690392598321971,15.621762627035565,-100.88100132130094,-1
47,6.062744598321974,-2.345926372964442,-85.81781432130094,-1
48,11.616280598321968,-4.27425637296443,-111.81798232130095,-1
49,-3.5638154016780277,10.634656627035568,-74.06787632130093,-1
50,7.893208598321973,12.97745262703556,-101.43944232130093,-1
51,3.2061045983219714,-8.543436372964436,-68.98447132130093,-1
52,8.93461659832197,17.995816627035566,-107.80380732130092,-1
53,-4.5009034016780305,18.669614627035557,-78.38985132130094,-1
54,0.4333045983219712,-19.219454372964435,-100.52596032130094,-1
55,9.465496598321973,18.199537627035568,-110.36731432130094,-1
56,-8.42909540167803,-15.842905372964438,-100.18428532130093,-1
57,-4.044711401678029,-0.18326737296443696,-113.57883132130092,-1
58,-8.678759401678029,-9.016268372964433,-78.89851832130094,-1
59,0.5284085983219704,-11.847093372964437,-113.67627432130092,-1
60,-2.855742401678029,-10.604303372964438,-114.16733232130093,-1
61,9.333313598321968,12.059842627035565,-102.64548232130093,-1
62,1.7829135983219722,-13.929323372964433,-89.78439832130093,-1
63,-0.01599840167802924,-10.579592372964441,-70.49954732130092,-1
64,3.328961598321971,-15.59469837296443,-72.28690032130095,-1
65,6.192257598321969,13.491590627035563,-120.19186832130094,2
66,12.205185598321972,0.3445716270355632,-114.29184432130094,-1
67,6.492417598321968,8.31754062703557,-88.19798732130093,-1
68,-5.851262401678028,-16.68980637296444,-103.61794032130092,-1
69,-13.59692640167803,2.606275627035558,-85.05150332130094,-1
70,1.8630415983219706,13.417745627035558,-92.39154532130092,-1
71,-12.22259040167803,-11.07987437296444,-99.94652232130093,-1
72,1.3807375983219714,11.614309627035567,-75.47049432130095,-1
73,-13.59878240167803,-9.290865372964433,-97.82733632130095,-1
74,-11.571070401678028,-7.019380372964434,-84.00499432130093,-1
75,9.99289759832197,-8.66469737296444,-89.50729832130094,2
76,-5.495806401678028,-4.774088372964442,-112.92148332130094,-1
77,2.9170575983219713,1.0641916270355694,-82.67952432130093,-1
78,1.9340175983219723,-19.118395372964443,-99.78143832130093,2
79,-9.24767840167803,-0.40384837296443266,-74.99030032130094,-1
80,-13.369214401678029,-9.04175037296443,-93.68567332130092,-1
81,-7.971646401678029,-3.441293372964438,-109.77242032130093,-1
82,13.203713598321972,1.4693886270355705,-114.11284332130094,-1
83,-15.02131040167803,-5.430597372964442,-97.69788032130094,-1
84,14.669121598321968,4.117131627035562,-113.52490732130093,-1
85,-15.35353440167803,4.870107627035566,-92.98930832130094,-1
86,6.6541225983219725,-0.8247543729644349,-86.70514432130093,-1
87,6.644970598321972,9.346540627035566,-89.78494732130093,-1
88,-9.523413401678027,-13.865740372964439,-94.27699732130094,-1
89,11.63031459832197,1.7957896270355604,-92.79314132130094,-1
90,2.1080105983219717,-12.523966372964438,-87.94208232130094,-1
91,-10.09019740167803,12.806043627035564,-94.25296532130093,-1
92,14.12151459832197,3.7002316270355635,-95.29959632130092,-1
93,-6.860373401678029,15.04783462703557,-90.26213532130095,-1
94,-14.04104540167803,-3.1200433729644317,-87.40210432130092,-1
95,-7.509717401678028,4.45640362703557,-109.72734532130093,-1
96,-3.224917401678031,4.56062862703557,-75.32262132130094,-1
97,-6.29000540167803,4.40871262703557,-111.26041132130092,-1
98,-6.326037401678029,-9.67598137296443,-112.02226732130094,-1
99,-2.03931740167803,-7.755617372964437,-70.78079732130092,-1
100,3.44932259832197,12.768499627035567,-93.25568132130093,-1
101,-2.69659740167803,0.17640462703556636,-71.31787632130093,-1
102,5.33354659832197,8.37702762703556,-85.74779232130092,-1
103,-11.91093340167803,-3.26326937296443,-81.94098332130093,-1
104,-13.840300401678029,-7.362604372964441,-99.80634032130092,-1
105,17.228371598321974,-1.5793933729644323,-96.49112432130093,2
106,10.34907559832197,-2.961900372964436,-90.19269232130094,-1
107,7.11752359832197,3.187558627035557,-87.78703832130094,-1
108,3.058899598321972,5.665059627035561,-119.84296132130095,-1
109,-12.741164401678029,10.106275627035558,-94.69498132130093,-1
110,-7.136428401678028,6.004758627035571,-109.83726932130094,-1
111,2.0373315983219698,-4.2408163729644315,-74.35977632130093,-1
112,-12.45591640167803,1.814481627035562,-103.00096632130092,-1
113,-4.592236401678029,9.03243862703556,-113.64374232130095,-1
114,1.5211075983219722,-12.296289372964438,-86.65924532130094,-1
115,3.03041959832197,-14.732744372964433,-71.02249632130093,-1
116,-5.558060401678031,13.729352627035567,-73.83620132130093,2
117,20.42369959832197,0.6061456270355592,-106.83920732130093,-1
118,5.893715598321972,19.81144462703557,-110.43054632130094,-1
119,-0.4036284016780307,-16.606104372964438,-93.55821732130093,-1
120,7.137619598321972,-2.140367372964434,-118.73265532130094,-1
121,11.943379598321972,-6.412142372964439,-90.64214032130093,2
122,10.48718759832197,15.740148627035566,-107.87386032130092,-1
123,15.25365159832197,4.390432627035565,-96.96123232130094,-1
124,9.590035598321972,-6.38432537296444,-112.97450732130093,-1
125,0.3947075983219719,5.37520362703556,-116.92509932130093,-1
126,5.41083559832197,-12.591753372964433,-113.08598832130093,-1
127,2.7893955983219705,-17.774210372964433,-111.22061632130092,-1
128,18.88110759832197,0.3853286270355625,-99.19478332130095,-1
129,-4.551276401678027,3.3683066270355653,-72.91406732130093,-1
130,6.903763598321969,4.448751627035563,-119.01697232130093,-1
131,14.218899598321972,-2.6552523729644406,-92.76202832130093,2
132,-3.4508834016780305,9.665052627035564,-120.07568832130093,2
133,-6.701443401678031,-4.910463372964429,-111.43359832130093,-1
134,12.868988598321973,8.56350462703557,-103.59558532130094,-1
135,7.780796598321974,8.039945627035564,-90.83092232130093,-1
136,4.4837085983219716,-18.009485372964434,-111.06544932130095,2
137,3.50329259832197,6.908857627035559,-82.29721532130094,-1
138,3.369660598321971,-16.104898372964442,-73.89310132130095,-1
139,10.22866859832197,9.90046462703556,-99.19214332130093,-1
140,3.18354859832197,-10.393358372964443,-83.37917032130093,-1
141,-14.669699401678029,0.4018156270355604,-99.40166232130093,-1
142,-2.9498914016780304,15.937787627035561,-88.99924232130093,-1
143,3.4228445983219693,-12.474497372964436,-69.89607732130094,-1
144,-0.8710434016780297,16.678357627035567,-116.74196332130094,-1
145,-12.388995401678029,9.813436627035557,-96.82910632130094,-1
146,21.23033259832197,-1.8520523729644367,-100.87314332130094,2
147,-0.8854434016780282,-7.891886372964436,-69.78879232130095,-1
148,9.861820598321973,-1.9384253729644314,-114.56030732130094,-1
149,-1.1790114016780286,-19.598230372964437,-102.71710632130095,-1
150,4.724476598321971,5.116933627035564,-118.67859332130092,-1
151,-12.335171401678029,-8.774698372964437,-89.80109132130093,-1
152,5.98476459832197,4.631360627035562,-118.64815232130093,-1
153,7.699196598321972,15.77059762703557,-115.96875432130093,-1
154,-5.21920340167803,-3.4180313729644354,-70.77928632130093,-1
155,15.300156598321973,5.560178627035569,-112.96529132130092,-1
156,-4.247235401678029,9.430730627035558,-115.57542932130093,-1
157,-2.147395401678029,9.704137627035564,-75.61087532130094,-1
158,-3.6893704016780298,4.544492627035567,-113.97578932130094,-1
159,0.6379895983219726,-16.47284137296444,-75.36523932130095,-1
160,4.586533598321971,-11.963938372964435,-70.36644432130095,-1
161,-3.3249544016780277,3.9355526270355625,-73.93236232130093,-1
162,-10.17935440167803,13.063985627035564,-92.04367532130092,-1
163,-6.122010401678029,11.965947627035561,-107.99527432130094,-1
164,7.292645598321972,8.991681627035561,-120.85001132130094,2
165,7.327397598321969,13.806760627035558,-118.84293032130094,-1
166,2.5951735983219706,-0.8143713729644304,-81.44757532130095,-1
167,3.701477598321972,-14.833498372964442,-77.82967132130094,-1
168,1.9562615983219693,-7.632944372964431,-68.80295232130092,-1
169,5.874085598321972,5.35633662703556,-118.84879032130092,-1
170,-9.972506401678029,13.098050627035562,-89.79375132130093,-1
171,9.52906159832197,-8.24408137296443,-112.90083832130094,-1
172,-2.5223304016780297,-4.472238372964441,-115.08343932130094,-1
173,-14.84047440167803,0.863759627035563,-89.15504932130094,-1
174,4.6342135983219706,-13.97414637296444,-90.75339232130094,2
175,-11.43714640167803,-10.85897237296443,-101.86122632130093,-1
176,12.764645598321973,-3.269098372964436,-111.43246932130094,-1
177,3.422501598321972,-0.49112937296443704,-118.06741832130095,-1
178,9.416462598321974,-9.92980437296444,-112.70145132130094,2
179,-8.486001401678028,14.240712627035563,-89.96030132130093,-1
180,9.32737459832197,7.84725762703556,-118.09828632130095,-1
181,-6.128625401678029,-13.040514372964438,-110.30788132130093,-1
182,3.3236625983219703,0.785199627035567,-118.11075332130093,-1
183,-5.8520174016780295,2.77960762703556,-72.41182432130094,-1
184,0.38113459832197094,4.07270562703556,-116.45485432130093,-1
185,6.803662598321974,11.266988627035559,-95.16518132130093,-1
186,3.416142598321972,12.273557627035558,-91.44167032130093,-1
187,-2.6786414016780284,-11.755296372964438,-113.67613732130093,-1
188,-0.07160140167803064,-3.803888372964437,-70.28587832130094,-1
189,11.38542259832197,13.83431762703556,-111.09882032130093,-1
190,-2.4485614016780275,14.643300627035558,-112.01010632130092,-1
191,-5.139441401678027,11.595533627035564,-109.80424932130094,-1
192,-11.72056140167803,1.688260627035561,-104.92033832130093,-1
193,5.8169105983219715,-3.61803637296444,-117.71906032130093,-1
194,2.222286598321972,-18.879503372964436,-110.27791332130093,-1
195,2.8717585983219713,-14.474382372964442,-79.50311732130095,-1
196,0.9915665983219704,-1.6626153729644386,-77.69296732130093,-1
197,16.93844659832197,-4.193773372964429,-111.52145832130094,2
198,-0.26865740167803054,15.977597627035564,-98.84387732130094,-1
199,12.707470598321972,10.359853627035562,-110.71747332130093,-1
200,-4.80433740167803,-16.27812437296444,-108.71040832130095,-1
201,1.2682385983219717,4.190381627035563,-80.58945132130094,-1
202,-7.04228940167803,14.92607662703557,-78.53966232130094,-1
203,-7.228360401678028,-15.347421372964433,-103.53317732130094,-1
204,3.9869355983219705,-7.908731372964439,-81.74623632130093,-1
205,8.499127598321973,-9.288706372964441,-113.35426832130094,-1
206,-9.79130440167803,-5.148760372964432,-106.49423732130094,-1
207,-5.262728401678029,14.973882627035564,-102.11952732130092,-1
208,-8.20397640167803,9.37750762703557,-106.25159132130094,-1
209,-10.36666440167803,10.550618627035561,-98.42792232130094,-1
210,-10.17396040167803,11.345807627035569,-83.25462832130094,-1
211,13.423607598321968,-3.85792737296444,-92.06815032130095,2
212,-4.74362440167803,0.028325627035570733,-70.61482732130094,-1
213,-1.7263444016780305,14.668996627035568,-94.94466132130094,-1
214,0.1552555983219719,11.50582662703556,-73.59640932130094,2
215,5.381111598321969,-8.216219372964431,-85.25362132130093,-1
216,3.591351598321971,2.726438627035563,-83.73349432130092,-1
217,9.783863598321968,0.30299962703556105,-119.69138032130093,-1
218,9.869751598321972,13.45549562703556,-115.48177032130093,-1
219,-9.88864840167803,-14.406358372964434,-100.10236032130092,-1
220,-11.37760840167803,-10.590708372964443,-89.98405932130095,-1
221,-6.829320401678029,14.274320627035564,-94.26123532130094,-1
222,4.887863598321967,1.304013627035559,-118.65788732130093,-1
223,5.113335598321971,12.069799627035565,-94.18166032130094,-1
224,11.57387959832197,-6.310877372964441,-111.94127332130094,-1
225,-5.962207401678029,4.537946627035566,-73.70511332130093,-1
226,-5.413663401678029,-6.3172853729644345,-113.16771432130093,-1
227,7.747936598321974,18.14518562703556,-113.16335032130092,-1
228,-14.772191401678029,-1.1065393729644342,-89.27895032130093,-1
229,4.42531259832197,16.73031362703557,-102.45432032130094,-1
230,20.781792598321967,-1.80246137296443,-108.22269132130094,2
231,-2.6269754016780276,14.886914627035566,-114.21266632130093,-1
232,0.9513285983219717,-20.136995372964435,-104.46945632130092,-1
233,-2.3431354016780297,-16.004930372964438,-76.58321132130092,-1
234,-5.505183401678028,-8.62547537296443,-74.49347432130094,-1
235,13.980000598321968,-0.5852073729644331,-93.54338532130095,-1
236,8.229920598321971,14.232976627035569,-117.40570532130093,-1
237,10.550560598321969,9.110547627035558,-116.78300932130094,-1
238,-6.776479401678028,9.073117627035558,-77.64375732130094,-1
239,1.6436165983219695,2.8654616270355575,-117.26933732130092,-1
240,7.72406459832197,-6.750032372964441,-114.29990132130092,-1
241,-9.83299140167803,-14.07142037296444,-96.18781032130093,-1
242,12.110432598321967,10.179074627035561,-105.34090132130095,-1
243,-4.260447401678029,9.186475627035563,-76.66893432130092,-1
244,-12.84041540167803,-3.2434103729644335,-83.65826932130093,-1
245,8.445728598321974,8.17448962703557,-119.16895032130094,-1
246,-14.12943940167803,2.727056627035566,-87.01976532130092,-1
247,-13.223071401678029,4.461019627035569,-84.85439032130094,-1
248,9.33712059832197,15.418546627035568,-114.26634732130094,-1
249,2.6413125983219707,-11.30443737296443,-114.26483632130095,-1
250,-2.4704544016780297,2.880658627035558,-114.74026932130093,-1
251,-8.251382401678029,-0.26626837296443284,-109.81039932130093,-1
252,1.2454495983219722,10.698430627035563,-76.73196932130094,-1
253,0.13396159832197085,17.41298462703557,-110.35268132130093,-1
254,-5.791734401678028,-5.219309372964432,-72.37637832130093,-1
255,-4.93451840167803,16.088475627035564,-88.64008032130093,-1
256,-4.24178240167803,14.279020627035564,-107.89677932130093,-1
257,-13.794934401678029,-7.038828372964431,-91.58522532130092,-1
258,3.1638495983219705,15.129766627035565,-82.24315332130092,-1
259,-8.66539840167803,4.575719627035568,-108.10176532130095,-1
260,-4.71423040167803,-15.831545372964442,-81.62892632130092,-1
261,2.8492895983219704,17.110311627035557,-101.59058132130093,-1
262,1.4887775983219704,-6.858637372964438,-116.65366032130095,-1
263,-4.40018240167803,12.78742762703557,-109.81667032130093,-1
264,-2.54546240167803,20.56104862703556,-77.25952632130094,2
265,6.852425598321968,13.066602627035564,-98.56577032130093,-1
266,-8.63365440167803,-14.226816372964436,-88.55614232130094,-1
267,7.098313598321969,17.196622627035566,-114.40350832130093,-1
268,4.2003295983219715,18.37610462703556,-103.80971232130094,-1
269,-7.203574401678029,0.4022576270355671,-72.50458232130094,-1
270,4.036553598321969,-12.191210372964434,-79.28542032130093,-1
271,-8.008950401678028,-5.379709372964442,-75.45360232130093,-1
272,2.73895359832197,-13.26748137296444,-70.41804932130094,-1
273,-1.7528454016780302,-14.587770372964442,-85.98007632130094,-1
274,-10.95470140167803,-10.673029372964436,-88.08142532130094,-1
275,12.823090598321972,2.011724627035562,-115.36301132130095,-1
276,-5.131789401678031,14.64262962703556,-94.39108732130094,-1
277,4.188786598321972,-6.602060372964431,-83.05481432130094,-1
278,9.146610598321974,13.402364627035567,-104.14038532130093,-1
279,5.0132985983219704,15.511960627035563,-118.60304732130095,-1
280,14.012722598321968,1.4359566270355657,-94.32785532130094,-1
281,2.7949305983219723,-16.476389372964434,-75.77930132130095,-1
282,1.2876025983219712,-12.984071372964436,-70.51761332130093,-1
283,1.2011385983219718,17.04433962703557,-112.46164432130092,-1
284,-11.196301401678028,-8.78149637296444,-86.05519532130094,-1
285,-15.80871740167803,-1.4169103729644377,-97.63492332130093,-1
286,3.89208259832197,-3.032968372964433,-117.83492032130093,-1
287,-12.26580540167803,-9.091081372964439,-101.77742432130094,-1
288,4.54417859832197,5.64104262703556,-119.23186232130092,-1
289,-11.53242940167803,5.799634627035559,-80.72784932130094,-1
290,6.791474598321972,6.220761627035557,-119.16048132130092,-1
291,-6.493325401678028,14.357305627035558,-75.86693332130093,-1
292,4.54763459832197,1.4933676270355676,-84.78291832130094,-1
293,10.636658598321969,12.58519562703556,-105.37524932130094,-1
294,13.903195598321968,6.569402627035558,-99.09650132130093,-1
295,3.0563475983219703,-6.297655372964442,-117.37515732130095,-1
296,4.167195598321971,5.632833627035566,-119.96269732130094,-1
297,-7.7603564016780275,11.01808762703557,-77.41653932130095,-1
298,-1.10909240167803,2.8382546270355675,-115.69545432130093,-1
299,-14.827044401678029,-1.5381333729644382,-99.52365632130093,-1
300,-13.45142840167803,-5.054315372964439,-87.56863832130094,-1
301,3.9012115983219715,14.65085362703556,-79.36063132130093,-1
302,-5.747620401678031,-10.587732372964439,-76.09277832130093,-1
303,0.7883155983219723,-2.242800372964439,-75.73347932130093,-1
304,10.197979598321968,9.169751627035566,-97.21518432130094,-1
305,-9.290404401678028,-13.924028372964443,-92.35649632130094,-1
306,-9.12848440167803,-12.798868372964435,-84.48892732130093,-1
307,-10.75376440167803,5.012944627035566,-104.64630632130093,-1
308,13.980187598321972,8.156240627035558,-105.54837532130094,-1
309,4.985371598321972,-12.143472372964439,-71.88834132130094,-1
310,11.461659598321969,-4.087183372964432,-90.87610332130095,-1
311,0.3330195983219717,-1.2158523729644344,-116.66382332130092,-1
312,-1.8080364016780308,-11.129457372964438,-72.49637332130092,-1
313,-7.67939640167803,-8.949762372964443,-77.35471032130093,-1
314,-10.181540401678028,-7.1198983729644425,-80.44940632130093,-1
315,-14.38762040167803,-1.1616153729644338,-87.25024932130094,-1
316,5.27785159832197,3.010251627035558,-85.81119232130092,-1
317,3.5418285983219704,12.10516162703557,-79.72560632130094,-1
318,-7.147067401678029,-11.55487237296444,-108.48749232130095,-1
319,16.63661259832197,-0.4473663729644386,-111.62526432130093,-1
320,-12.723515401678029,4.2802486270355615,-82.86487332130093,-1
321,1.0901805983219717,-10.409784372964438,-114.72093632130094,-1
322,-2.1878994016780275,-18.476686372964437,-105.37024432130093,-1
323,-6.709883401678031,-11.45038837296444,-110.37715632130093,-1
324,-2.55615540167803,-12.775347372964433,-113.03630532130094,-1
325,-2.4748754016780303,7.779111627035562,-77.73714132130092,-1
326,5.0945325983219725,-10.175081372964442,-75.44481332130093,-1
327,-8.10572340167803,0.8328306270355625,-73.54311132130093,-1
328,-10.260539401678027,-12.325609372964436,-90.20389232130094,-1
329,1.4665645983219697,16.18697162703556,-99.30565332130092,-1
330,6.204868598321969,-6.603616372964439,-85.23822532130094,-1
331,-12.227771401678028,-5.321359372964437,-103.28516132130093,-1
332,-11.618939401678029,2.2517526270355575,-79.42630432130093,-1
333,-9.031483401678027,-5.358507372964439,-77.00864132130093,-1
334,17.886788598321974,0.48659262703556294,-111.63863132130095,-1
335,-11.07743540167803,4.172811627035557,-78.99823432130094,-1
336,11.095364598321968,6.539640627035567,-94.24846332130093,-1
337,12.619076598321971,-5.372606372964441,-111.55563832130093,-1
338,-3.4182354016780288,-15.602464372964434,-83.77075632130092,-1
339,-14.32863540167803,4.737027627035559,-88.84367832130093,-1
340,-10.96793140167803,11.619695627035568,-87.70442632130093,-1
341,-6.826043401678028,14.448835627035564,-92.23688232130093,-1
342,-2.6428754016780296,8.444326627035565,-120.28664132130095,2
343,-3.670354401678029,15.552205627035562,-100.19891832130094,-1
344,10.299309598321972,14.257497627035562,-113.70367932130094,-1
345,-6.36053040167803,13.670697627035565,-100.15674332130092,-1
346,-7.73153840167803,-14.55759637296444,-84.78969332130094,-1
347,6.396141598321972,3.21674162703556,-119.07111032130092,-1
348,10.54065359832197,11.74500862703556,-115.11908432130093,-1
349,-8.14037040167803,12.417173627035567,-78.85577832130093,-1
350,9.757549598321969,5.106466627035559,-119.26111332130094,-1
351,-3.2192184016780274,-8.01233137296444,-71.91194632130095,-1
352,-0.5191224016780289,16.70431362703556,-100.56978332130095,-1
353,3.8468935983219694,13.658246627035567,-80.91859932130095,-1
354,-11.339730401678029,3.383634627035562,-104.80617232130095,-1
355,3.834477598321971,15.960248627035568,-118.34799632130094,-1
356,-1.88078640167803,15.835530627035567,-110.04753632130092,-1
357,-8.153874401678028,-1.869150372964441,-109.76468332130094,-1
358,2.5802695983219692,19.163465627035563,-77.27115332130094,2
359,-7.349074401678028,-0.8862173729644383,-72.40736832130094,-1
360,-5.252562401678031,-7.867830372964434,-113.35554932130094,-1
361,-4.9104184016780295,10.179174627035565,-111.61371332130093,-1
362,-15.831273401678029,2.808667627035561,-95.29837532130094,-1
363,-6.277417401678029,12.924962627035569,-74.94652232130093,-1
364,-0.5056414016780302,-15.042749372964437,-82.58755932130094,-1
365,7.590038598321971,-3.7519703729644363,-116.71292632130093,-1
366,1.9401825983219716,-15.33413937296443,-91.72916132130092,-1
367,2.2803425983219725,17.51952162703556,-112.76234932130095,-1
368,-2.66365740167803,17.238477627035564,-104.06549532130094,-1
369,-4.783721401678029,-17.23123337296444,-96.95927932130093,-1
370,0.4940385983219713,-11.905473372964437,-70.51373732130094,-1
371,-3.474089401678029,6.3063336270355705,-114.59184732130095,-1
372,5.781590598321973,3.839025627035568,-118.70776832130093,-1
373,4.639382598321969,-5.496111372964435,-117.34727932130093,-1
374,1.4523745983219705,-8.332399372964431,-68.41620332130094,-1
375,4.392342598321971,3.371717627035565,-118.30519532130094,-1
376,-4.72567340167803,12.37449462703556,-119.43588732130092,2
377,3.7744225983219692,-13.350412372964442,-90.00020332130094,-1
378,-6.370496401678029,-16.041338372964432,-94.84122132130094,-1
379,-15.313472401678029,4.774343627035563,-95.19301332130092,-1
380,-2.2023044016780275,16.398824627035566,-108.00922132130094,-1
381,19.59827159832197,2.647878627035567,-107.34956832130092,-1
382,-0.8817284016780285,-19.555734372964437,-104.07030232130094,-1
383,-15.62534440167803,0.8764936270355577,-91.14603132130094,-1
384,-10.42899240167803,5.8786756270355625,-78.78467232130095,-1
385,2.078591598321971,-8.327951372964435,-116.18524632130092,-1
386,-11.340544401678029,11.745259627035566,-89.97559032130093,-1
387,3.688831598321972,5.20996662703557,-120.91377732130093,2
388,-9.23552040167803,-12.091211372964437,-103.39331532130095,-1
389,4.431359598321972,4.262090627035562,-84.73511232130093,-1
390,-6.685504401678028,2.8667506270355574,-111.28011032130092,-1
391,1.4724475983219705,-16.13469137296444,-93.07149232130092,-1
392,1.7005435983219712,16.91164962703556,-118.46741232130094,-1
393,-4.3425284016780274,11.683027627035557,-113.64217132130094,-1
394,0.05363159832197084,16.564511627035557,-116.70145132130094,-1
395,4.9878395983219725,-10.113580372964435,-77.29454532130094,-1
396,-3.82803240167803,-15.448862372964442,-85.65778032130095,-1
397,3.71519959832197,12.14514762703557,-89.53491732130092,-1
398,3.8757755983219724,19.048589627035568,-111.49271132130093,-1
399,1.8887675983219694,-0.9043443729644309,-117.38994332130093,-1
400,3.7755515983219716,-5.7095663729644315,-81.63846332130095,-1
401,-10.916928401678028,-5.2152653729644385,-104.84402932130092,-1
402,2.614975598321969,-4.94362837296444,-117.45309932130093,-1
403,4.00307159832197,16.818082627035565,-115.14870132130093,-1
404,-7.285504401678029,-8.168543372964436,-110.12712532130092,-1
405,-0.020160401678030127,14.468984627035567,-95.38873732130094,-1
406,3.9611515983219725,-10.321672372964443,-114.89915932130094,-1
407,4.2796795983219695,8.351934627035561,-83.39085832130093,-1
408,7.538815598321971,15.538503627035567,-104.41966732130092,-1
409,1.9591035983219705,-12.614504372964433,-69.80396032130093,-1
410,-8.19503140167803,-15.911264372964439,-102.03003432130095,-1
411,-11.18280740167803,-3.3484673729644356,-80.18893932130092,-1
412,-4.511895401678029,-14.050531372964443,-111.59392232130094,-1
413,-12.502679401678028,-10.933603372964441,-95.88657132130095,-1
414,5.187496598321967,-1.2736303729644334,-118.51628632130092,-1
415,9.697704598321973,6.587537627035559,-118.46103332130093,-1
416,-11.21544740167803,-12.550691372964437,-96.03903632130093,-1
417,7.010792598321974,5.765104627035569,-87.85213232130093,-1
418,-2.7252074016780305,-11.588457372964442,-73.66838532130095,-1
419,-0.09058340167802825,15.27132962703557,-97.12511132130095,-1
420,1.7634325983219696,0.4101696270355575,-117.47023532130095,-1
421,0.5287445983219712,-13.506258372964439,-83.99350432130095,-1
422,6.784168598321973,-0.8409443729644295,-119.06657932130094,-1
423,9.84016859832197,-2.2945883729644407,-113.15221132130094,-1
424,5.0050325983219714,4.341855627035571,-118.41031332130095,-1
425,12.732392598321969,2.382146627035567,-116.59023032130094,-1
426,6.663784598321971,-8.037477372964432,-114.91597432130092,-1
427,4.052200598321971,-9.15099537296443,-84.39310132130095,-1
428,-9.37013540167803,1.3985346270355592,-108.23221332130095,-1
429,-5.823319401678027,-12.588403372964436,-77.71060632130093,-1
430,17.91451359832197,3.1033836270355692,-111.15628532130094,-1
431,6.603665598321971,-12.900850372964442,-112.43265232130094,2
432,-6.5120464016780275,13.864911627035568,-102.15926032130093,-1
433,1.9794735983219702,-16.554582372964433,-77.73132832130094,-1
434,-0.5324624016780284,-9.283998372964433,-70.18785532130093,-1
435,19.865681598321974,-0.26352137296443345,-110.19661432130093,-1
436,-5.01175840167803,-18.23934337296444,-100.41383832130094,-1
437,0.6761135983219724,16.49198662703556,-114.60306232130094,-1
438,13.032273598321968,-1.6310823729644426,-92.53043032130094,-1
439,2.1317295983219715,-20.543741372964433,-100.78561832130094,2
440,4.52123359832197,-14.56366937296444,-73.91382332130092,-1
441,-3.288686401678028,-9.196428372964434,-114.45264132130094,-1
442,-10.530350401678028,8.618238627035566,-80.97974132130093,-1
443,0.0032815983219691702,-13.522287372964442,-85.69189932130092,-1
444,16.648785598321968,2.351384627035557,-97.17105532130094,-1
445,-3.736174401678028,-12.014154372964441,-74.92096432130094,-1
446,4.7907375983219715,-10.282610372964442,-86.75594032130093,-1
447,11.141201598321974,1.2599776270355676,-119.59296132130095,-1
448,3.5902255983219717,-1.8936483729644351,-82.65936732130095,-1
449,-7.739630401678028,-5.008058372964442,-109.82805332130093,-1
450,-8.586350401678029,9.82867962703557,-78.41393032130094,-1
451,-10.170350401678029,-8.96974337296443,-82.35774732130093,-1
452,-1.9383504016780293,0.7702696270355602,-72.77194732130093,-1
453,0.7263535983219711,18.276982627035565,-102.63104732130094,-1
454,2.07508959832197,-4.43757037296443,-72.51135732130095,-1
455,-3.1788854016780306,11.386144627035563,-72.77837132130094,2
456,-1.2894774016780275,18.019361627035565,-106.15166232130093,-1
457,-3.578629401678029,-13.462587372964435,-112.44058732130094,-1
458,2.7122505983219725,9.490194627035564,-79.88567032130092,-1
459,-1.944709401678029,15.686147627035567,-98.53160532130093,-1
460,14.688442598321974,1.9086586270355639,-112.70946232130095,-1
461,-2.5586614016780302,-9.60347937296443,-72.28131532130092,-1
462,-13.123717401678029,-6.89454137296444,-89.67033832130093,-1
463,-1.3029814016780286,-0.008409372964436557,-115.88243532130093,-1
464,5.079674598321969,-12.331697372964442,-73.81482432130093,-1
465,-6.24755740167803,16.45079562703556,-79.43718432130095,-1
466,9.219002598321968,-7.769274372964432,-88.61526932130093,-1
467,-5.329989401678031,15.15218162703556,-104.08640032130094,-1
468,-0.8734774016780307,-17.28666137296443,-95.10530532130093,-1
469,3.7265865983219726,-15.005007372964442,-91.51363132130095,2
470,0.2663395983219701,2.8151146270355696,-116.54352332130094,-1
471,-7.02191640167803,12.006711627035557,-76.07957932130094,-1
472,10.868771598321974,-5.3213753729644395,-89.90096032130094,-1
473,4.73001959832197,7.02808962703557,-84.57321632130095,-1
474,-10.775132401678029,-1.621904372964437,-78.30385332130095,-1
475,8.639267598321968,-7.488436372964429,-113.58533232130094,-1
476,-7.02114840167803,1.977376627035568,-72.83514832130095,-1
477,-12.764060401678028,10.212354627035566,-92.45583032130094,-1
478,3.452835598321972,-16.349024372964436,-111.31783032130093,-1
479,1.6794595983219693,1.681073627035559,-117.50555932130092,-1
480,5.711907598321968,5.86556762703556,-121.11032532130093,2
481,10.599587598321971,2.53772562703557,-119.85757932130093,-1
482,-6.631068401678029,-17.23451437296444,-102.08363832130092,-1
483,17.156643598321974,5.557668627035568,-110.91989632130094,-1
484,0.4036835983219724,-15.264932372964438,-111.80121332130093,-1
485,0.9142115983219696,6.234113627035569,-119.39600132130093,-1
486,-8.105500401678029,14.698964627035565,-85.40514132130093,-1
487,3.776867598321971,12.551931627035557,-85.01204432130095,-1
488,19.124771598321974,1.5204596270355637,-110.67953932130092,-1
489,-8.209628401678028,1.334485627035562,-109.84885132130094,-1
490,-2.833052401678028,-17.29199437296444,-95.92941732130095,-1
491,17.747875598321972,0.15141062703555974,-97.54897032130094,-1
492,1.1371235983219705,-16.824610372964443,-94.58289032130094,-1
493,-1.5471644016780282,19.439481627035562,-81.57153832130095,-1
494,-4.614236401678028,14.364934627035566,-117.67448932130094,-1
495,-7.52265240167803,-6.5793703729644335,-109.96593232130093,-1
496,12.804108598321971,2.822400627035563,-93.94531732130093,-1
497,-9.040307401678028,5.847898627035562,-77.03995232130094,-1
498,-3.480883401678028,14.994649627035571,-96.49677032130094,-1
499,3.3617405983219726,-5.392900372964434,-78.44960532130094,-1
500,8.928524598321967,9.291417627035557,-118.65123432130093,-1
501,-7.051699401678029,15.566945627035565,-81.30183932130095,-1
502,-14.37009940167803,0.7929816270355587,-87.14104132130095,-1
503,-10.006707401678028,-14.304788372964438,-98.10454232130093,-1
504,0.12583659832197114,18.98756162703556,-106.35118532130093,-1
505,-1.1926914016780295,17.455854627035563,-108.20084132130094,-1
506,3.7061245983219706,4.960233627035564,-118.47902432130093,-1
507,0.6038295983219726,17.321019627035568,-118.49460332130093,-1
508,15.320629598321968,-1.38237237296444,-111.32025632130095,-1
509,3.3898135983219717,-6.017656372964439,-74.72366832130095,-1
510,12.857845598321969,0.5481246270355626,-93.19646132130094,-1
511,-0.29127440167803087,16.350393627035558,-114.57999132130092,-1
512,6.47141359832197,-9.561785372964437,-87.52530432130092,-1
513,1.8865175983219693,-15.84425537296444,-111.45055132130094,-1
514,3.9017495983219703,5.57843562703556,-83.53781632130094,-1
515,11.845429598321974,-0.5293523729644392,-92.17294832130094,-1
516,13.83314159832197,4.856359627035559,-115.11682632130095,-1
517,10.44498159832197,-9.01531437296444,-112.26216632130092,2
518,-5.2809704016780294,13.224736627035568,-107.95432032130094,-1
519,-15.15527440167803,-5.281626372964439,-93.43834432130095,-1
520,3.451061598321971,-3.6721823729644427,-81.81850132130094,-1
521,4.767029598321972,-7.421312372964437,-84.20131432130094,-1
522,4.29189359832197,-4.666513372964431,-83.25900732130094,-1
523,0.026165598321970407,16.599996627035566,-85.39529932130094,-1
524,1.2373015983219702,-13.728601372964434,-112.07968632130093,-1
525,-0.9764584016780304,16.726117627035563,-110.20808932130095,-1
526,12.740917598321968,5.536962627035564,-117.02243532130095,-1
527,-11.610890401678029,-1.8059943729644345,-104.89458132130093,-1
528,10.834549598321974,15.21136262703557,-112.01648432130094,-1
529,-1.9770344016780292,-16.436556372964432,-92.51846832130093,-1
530,11.134773598321974,7.324102627035558,-117.64206432130092,-1
531,-2.7843944016780284,-16.923372372964437,-110.35651132130093,-1
532,-4.777249401678031,-12.376993372964435,-76.26799532130093,-1
533,-0.9440334016780305,19.613881627035568,-120.10063632130093,2
534,11.084446598321971,4.149099627035568,-119.52457132130093,-1
535,7.948574598321972,2.809324627035565,-119.48187732130094,-1
536,3.39587059832197,19.992307627035558,-107.18822232130094,-1
537,-10.075681401678029,-0.07270237296444293,-76.45914132130093,-1
538,1.8807345983219719,-17.67386037296444,-98.77380832130095,2
539,-6.296801401678028,8.948186627035568,-109.89751132130093,-1
540,-0.7590094016780284,20.87827862703557,-77.66452532130094,2
541,-2.4504654016780307,16.846883627035567,-102.17107132130093,-1
542,5.27689459832197,-5.654161372964438,-84.30191532130092,-1
543,7.967198598321968,8.75272162703557,-92.58902432130094,-1
544,-1.729377401678029,4.34460262703557,-76.86736032130094,-1
545,8.92355059832197,6.73615062703557,-91.81917332130092,-1
546,-15.53251340167803,-3.43491537296444,-97.67062832130094,-1
547,-4.160033401678028,-15.81297537296443,-110.28079732130092,-1
548,-9.799393401678028,1.694371627035565,-76.18274432130093,-1
549,-6.7821134016780285,-17.18151337296443,-100.24516732130093,-1
550,-5.532321401678029,17.347821627035557,-77.67021632130093,-1
551,3.68736759832197,-7.545465372964429,-116.83337832130093,-1
552,-8.31160840167803,-15.401483372964435,-96.37390632130092,-1
553,5.240647598321974,16.705510627035565,-115.40721632130092,-1
554,-0.5435444016780302,-19.35473037296444,-105.52118432130092,-1
555,-4.9265204016780295,5.275472627035569,-75.37366232130094,-1
556,15.06656759832197,0.1534096270355576,-94.70505232130094,-1
557,5.088711598321968,10.943792627035563,-90.59776832130095,-1
558,5.614983598321974,0.3296486270355672,-85.76968832130095,-1
559,-8.559672401678029,13.913114627035569,-92.08356232130095,-1
560,6.038471598321973,-11.41327137296443,-88.79413332130093,-1
561,-0.9253684016780284,-1.4100663729644367,-71.50739032130093,-1
562,19.94131959832197,0.663045627035558,-102.92580132130092,-1
563,-13.89292040167803,0.6940816270355583,-85.17223032130093,-1
564,8.88615159832197,-2.3946473729644424,-117.90878732130093,-1
565,-13.19685640167803,5.905217627035569,-98.98044332130092,-1
566,7.5931595983219715,-8.646150372964442,-114.08368432130092,-1
567,-6.822776401678031,-12.717027372964438,-79.25328532130092,-1
568,13.710343598321973,-4.456674372964443,-111.27890532130093,-1
569,-0.9205274016780294,-10.745401372964437,-71.43861832130094,-1
570,2.5882725983219714,10.668302627035558,-78.67102532130093,-1
571,-8.21857540167803,4.837423627035562,-75.30400532130093,-1
572,13.749104598321974,0.7421776270355593,-112.96062232130095,-1
573,11.435696598321972,14.862142627035567,-109.34381532130092,-1
574,-1.1747354016780278,20.232999627035568,-79.64865632130093,-1
575,-6.823247401678028,15.715123627035567,-88.26051832130094,-1
576,15.936112598321973,5.012136627035559,-101.44032732130094,-1
577,0.3621605983219709,-17.923288372964436,-97.66440332130094,-1
578,-2.3752474016780276,-6.006212372964441,-70.04184432130094,-1
579,19.996144598321973,0.6207406270355591,-104.90944432130092,-1
580,-10.200207401678028,-3.510622372964434,-106.53218532130094,-1
581,-3.4172314016780305,14.787572627035559,-94.61642932130093,-1
582,-5.0805274016780295,14.762815627035565,-92.44302832130094,-1
583,0.06539259832197075,13.909940627035567,-93.58997032130094,-1
584,-5.479567401678029,-14.49682837296443,-79.57573432130093,-1
585,-2.1621274016780276,17.40776662703557,-85.23349432130092,-1
586,6.187824598321971,14.875623627035566,-118.86206532130095,-1
587,0.49803259832197,-2.573564372964441,-116.64386432130092,-1
588,-0.19598340167802775,0.11970362703556248,-76.96252932130093,-1
589,-6.621775401678029,-6.464159372964431,-111.64809132130094,-1
590,-2.104975401678029,19.963239627035563,-120.03159032130094,2
591,-2.300879401678028,-5.977297372964429,-115.21054532130094,-1
592,7.583920598321971,-4.250650372964429,-115.41595932130093,-1
593,-2.9129114016780306,6.501500627035568,-77.45465532130095,-1
594,-0.139407401678028,-7.259012372964435,-115.74094132130094,-1
595,-3.4489754016780303,-17.54988337296443,-108.83482832130093,-1
596,-6.732262401678028,7.512685627035566,-109.94661432130093,-1
597,6.590553598321971,18.766713627035557,-112.58813932130093,-1
598,-3.113894401678028,13.660161627035563,-111.85106332130093,-1
599,-7.1561344016780275,6.102842627035571,-76.58231032130092,-1
600,-4.161126401678029,10.967183627035567,-119.72928332130093,2
601,-0.010726401678027742,-14.03006137296444,-72.38052832130094,-1
602,-5.633702401678029,-16.026827372964433,-91.10007232130093,-1
603,2.0720255983219715,17.54672062703557,-81.24800632130095,-1
604,-4.298022401678029,-17.839678372964443,-103.72801732130094,-1
605,8.147289598321972,-4.477678372964434,-87.51460732130093,-1
606,0.7548415983219705,-14.94748937296444,-90.70493032130094,-1
607,4.2486655983219705,11.158506627035564,-83.55548532130092,-1
608,1.4784895983219712,-19.826952372964442,-107.38469432130094,-1
609,-9.49091840167803,-9.016931372964436,-80.58438632130094,-1
610,9.350681598321973,-1.7772313729644367,-89.39645832130094,-1
611,-1.3873664016780296,-9.061746372964436,-114.97179132130094,-1
612,2.9806335983219725,-10.717020372964441,-84.75812232130093,-1
613,-2.284518401678028,4.410733627035569,-114.89383432130094,-1
614,0.4293375983219718,5.83498162703556,-79.44655332130094,-1
615,-1.7096704016780286,15.471395627035562,-112.14590932130093,-1
616,-7.542374401678028,-15.476732372964435,-90.74442032130094,-1
617,-7.896230401678029,-15.355692372964441,-92.62248732130092,-1
618,10.243481598321974,-1.426302372964443,-117.79185932130093,-1
619,-12.48176640167803,2.320508627035565,-81.21098832130093,-1
620,11.86227459832197,-2.0994973729644357,-112.06609032130095,-1
621,2.5476505983219724,-21.000604372964432,-103.88422132130094,2
622,7.976002598321973,6.8081946270355616,-118.78653432130093,-1
623,-11.059581401678027,-8.819063372964436,-103.36099732130094,-1
624,6.755074598321972,19.58189962703557,-108.56743332130094,-1
625,3.4514585983219703,-19.77919937296444,-107.53548132130092,2
626,1.3563545983219711,-15.906030372964437,-73.68169132130095,-1
627,-10.582333401678028,6.668592627035565,-102.47034132130094,-1
628,-7.90450940167803,13.921857627035564,-80.39832032130093,-1
629,-6.242429401678031,-14.752283372964442,-105.01018232130093,-1
630,0.6350105983219692,-13.29198637296443,-71.45813432130095,-1
631,-3.8691814016780306,18.09998162703556,-82.85161332130093,-1
632,-0.5445094016780274,-5.746332372964432,-115.84061132130094,-1
633,-6.271037401678029,-6.9795173729644375,-74.17911232130095,-1
634,4.458027598321969,-14.111543372964434,-72.04065432130093,-1
635,-0.22254840167802925,-12.115511372964434,-71.51671332130093,-1
636,4.09431559832197,-12.073549372964436,-113.68515532130093,-1
637,3.2744755983219704,14.013639627035559,-83.84474632130093,-1
638,4.306667598321972,-7.550394372964433,-78.59575332130095,-1
639,10.207531598321967,5.484708627035559,-92.70586132130094,-1
640,14.491627598321973,-0.22373437296442944,-111.97771132130094,-1
641,8.126187598321973,9.408307627035569,-94.41583732130093,-1
642,6.271595598321969,1.7935236270355688,-86.80022132130094,-1
643,-11.478164401678029,-5.166338372964432,-82.07251432130093,-1
644,11.543339598321968,5.605390627035561,-118.71809832130094,-1
645,4.49821959832197,-7.93744837296444,-75.03664132130095,-1
646,-0.5126604016780298,-0.8684023729644395,-73.21944132130093,-1
647,-3.76520440167803,12.869741627035566,-113.74904332130095,-1
648,2.3919155983219724,5.572370627035568,-81.42050632130093,-1
649,12.200043598321972,1.3672086270355663,-118.40399632130092,-1
650,12.658859598321971,-5.166139372964437,-91.46475732130094,2
651,-2.7813964016780304,-13.923204372964435,-74.90852832130093,-1
652,-9.982484401678029,6.504003627035559,-104.46165932130094,-1
653,-0.9332684016780277,-10.46373937296444,-114.55356332130094,-1
654,-5.895636401678029,-14.822756372964434,-108.58711732130092,-1
655,10.789227598321968,11.058736627035557,-103.89780132130093,-1
656,3.480107598321972,-10.012285372964442,-81.97119632130094,-1
657,-2.8912844016780284,-15.607523372964437,-89.76292932130093,-1
658,-3.6580044016780278,-16.23002837296444,-91.62929232130094,-1
659,7.761643598321971,-10.891039372964443,-89.38374832130094,2
660,1.704811598321971,16.66443462703556,-114.73453232130095,-1
661,-4.365739401678031,11.41435762703557,-111.64203332130094,-1
662,-12.63767540167803,0.05056562703556722,-103.07375032130093,-1
663,-3.227307401678029,-1.2228113729644292,-70.18164532130095,-1
664,5.39138059832197,-10.817858372964437,-87.83679632130094,-1
665,9.248852598321971,12.822866627035566,-117.22250832130092,-1
666,3.6226125983219717,-1.7634683729644394,-117.98074832130092,-1
667,-0.5624114016780304,-14.78267137296443,-89.42003332130093,-1
668,0.3649485983219698,18.77570162703556,-81.61353032130094,-1
669,-1.3474994016780286,-12.984308372964435,-112.93820632130092,-1
670,-4.52074740167803,-16.578676372964438,-95.30099932130094,-1
671,-1.3081394016780301,1.4232156270355603,-115.90565932130093,-1
672,3.318100598321969,-5.865907372964429,-76.58145632130095,-1
673,10.546772598321969,-7.260530372964439,-112.41745432130094,-1
674,5.788948598321969,19.292760627035562,-105.97182132130092,-1
675,-3.1796274016780295,15.261060627035562,-90.86583432130092,-1
676,-5.460866401678029,7.443082627035565,-111.64903732130094,-1
677,5.6691175983219715,-13.035738372964431,-90.10559532130094,2
678,-2.3662104016780283,17.940679627035564,-118.50014232130093,-1
679,4.105469598321971,11.892560627035564,-87.69406632130094,-1
680,-7.079554401678028,7.5627116270355685,-77.36472032130092,-1
681,3.9141735983219696,9.693532627035566,-82.23135832130095,-1
682,2.946877598321972,4.121846627035566,-82.59650132130093,-1
683,14.767613598321969,-5.732172372964442,-111.57146132130094,2
684,5.903229598321968,17.757238627035562,-114.02698232130095,-1
685,-7.91174640167803,2.9046536270355574,-109.77965232130094,-1
686,-5.536002401678029,-0.23447637296443702,-112.46976232130095,-1
687,-7.561026401678028,12.556104627035566,-100.16386932130092,-1
688,3.311421598321971,-13.142420372964438,-112.56837932130094,-1
689,-4.97165040167803,-9.443163372964435,-113.40770432130094,-1
690,-10.267586401678027,3.177381627035558,-106.53291832130094,-1
691,-1.8723864016780283,3.4546256270355684,-75.50601632130093,-1
692,-9.42867440167803,-14.315950372964437,-101.98503632130092,-1
693,-3.1948824016780293,19.98628062703557,-119.95593732130092,2
694,4.992573598321972,-10.197939372964441,-73.58308932130095,-1
695,10.54873359832197,-5.315225372964434,-112.34456332130094,-1
696,-11.56441840167803,11.768110627035568,-92.21304832130093,-1
697,5.0693095983219685,-1.2276173729644313,-84.80698132130092,-1
698,2.5855335983219696,18.61951262703556,-110.98882032130092,-1
699,-4.77088240167803,10.86037962703557,-115.59488432130092,-1
700,-9.08051440167803,-3.4870773729644355,-108.16742432130093,-1
701,-5.519938401678029,-1.76851137296444,-112.50208032130092,-1
702,-12.661378401678029,-6.910471372964437,-87.73968932130094,-1
703,-13.63193840167803,-9.195482372964435,-95.75240032130094,-1
704,1.8968705983219714,-12.437059372964441,-113.17099432130092,-1
705,-7.690329401678028,10.90287562703557,-106.19173132130092,-1
706,15.66679059832197,4.819066627035568,-99.17459632130092,-1
707,-8.639193401678028,11.316213627035566,-100.19229632130094,-1
708,11.08387859832197,-0.7471413729644354,-114.44188432130093,-1
709,-4.836121401678028,18.412458627035562,-119.79727632130093,2
710,-0.8279294016780305,2.820104627035562,-77.65388932130094,-1
711,10.11920659832197,-1.7231613729644408,-116.17050632130093,-1
712,17.469734598321974,-1.8870413729644326,-111.40924532130094,-1
713,11.218918598321974,10.265851627035559,-114.51828432130094,-1
714,-11.40213740167803,5.165349627035567,-102.68738232130093,-1
715,-3.3031934016780298,5.280324627035569,-76.58052532130094,-1
716,-1.0212094016780284,-12.678728372964443,-72.48257932130093,-1
717,4.944550598321971,0.007901627035565184,-118.65585832130094,-1
718,0.20631059832196996,0.15594262703555728,-116.74608332130094,-1
719,-6.901721401678028,-1.8310793729644388,-111.22049432130095,-1
720,-13.51618540167803,8.51508162703557,-90.50871732130094,-1
721,2.57226259832197,-2.7428153729644293,-80.17938732130094,-1
722,-4.128793401678028,19.40532462703557,-119.88750132130093,2
723,1.1672065983219717,17.039945627035564,-100.98738532130093,-1
724,8.204518598321972,18.982877627035563,-109.40628532130094,-1
725,-3.2400254016780288,2.1664026270355663,-72.58018932130094,-1
726,-0.208281401678029,-16.762293372964436,-77.18016532130093,-1
727,-5.489817401678028,1.3196466270355671,-112.51434832130093,-1
728,-5.154265401678028,14.687978627035562,-96.34027532130094,-1
729,7.936550598321968,4.485311627035557,-88.89075232130094,-1
730,-4.393369401678029,7.681188627035567,-113.59627232130094,-1
731,-11.696025401678028,7.651563627035557,-82.63618932130095,-1
732,-10.604825401678028,1.5303476270355674,-106.62462332130093,-1
733,-10.02283240167803,-1.8597053729644415,-76.66022232130092,-1
734,9.92961559832197,8.489743627035566,-95.24202432130093,-1
735,5.9201435983219675,-8.906809372964432,-86.41074132130095,-1
736,0.46823959832197204,-9.375536372964433,-69.36308732130092,-1
737,9.81697559832197,10.892934627035558,-100.98775232130095,-1
738,4.251663598321972,-14.806513372964432,-75.87228832130094,-1
739,4.188751598321971,-11.872316372964434,-88.37265532130093,-1
740,8.79201559832197,-9.709711372964435,-89.33691932130094,2
741,8.584271598321973,-3.508371372964433,-113.42073532130092,-1
742,1.7954075983219724,13.693372627035558,-94.24301632130093,-1
743,-3.565360401678028,15.246808627035563,-98.34245732130094,-1
744,-4.723376401678028,10.398854627035561,-113.58684232130094,-1
745,15.442063598321969,7.462270627035565,-110.04163032130094,-1
746,-4.681392401678028,16.689283627035564,-86.67201732130093,-1
747,2.0511515983219724,13.378232627035558,-90.45506732130093,-1
748,-4.820912401678029,12.96637562703556,-117.55943732130095,-1
749,5.246735598321973,-10.94973937296443,-114.19797232130094,-1
750,-13.08433640167803,8.401090627035558,-88.39912932130093,-1
751,-4.499120401678031,1.4737756270355646,-71.47374432130093,-1
752,10.211151598321973,-6.552263372964433,-89.05626432130094,-1
753,-6.162352401678028,15.85516162703557,-76.86777232130095,-1
754,0.26542359832196993,14.032842627035564,-91.66606632130095,-1
755,-3.1732324016780282,17.511853627035563,-118.36716132130093,-1
756,6.758095598321969,-12.050050372964435,-89.64124032130093,2
757,-13.782832401678029,4.6123486270355585,-86.83592732130094,-1
758,11.85947159832197,11.776715627035557,-106.82246832130093,-1
759,-0.8931684016780288,4.22835362703556,-115.66052732130095,-1
760,-9.06680040167803,2.997464627035569,-108.16014532130094,-1
761,2.6202395983219695,-17.06342537296443,-95.64772532130092,2
762,0.19675159832197053,17.64112662703556,-83.55843032130093,-1
763,-1.0051684016780307,1.9122216270355636,-76.16125932130095,-1
764,-3.9247844016780284,9.880071627035562,-75.30034332130094,-1
765,-3.9772004016780294,1.3482796270355664,-113.59555532130094,-1
766,1.4190875983219726,18.994077627035566,-108.71823632130094,-1
767,7.06175259832197,15.26349462703557,-117.45406032130094,-1
768,6.41164059832197,10.282880627035567,-93.51047232130094,-1
769,-13.67514340167803,-3.226206372964441,-85.43954932130094,-1
770,1.7612085983219714,-19.64535737296444,-108.95428932130093,-1
771,5.253624598321974,19.064092627035564,-112.04527732130094,-1
772,1.9217845983219703,16.40267762703556,-83.27840132130095,-1
773,5.495480598321972,-2.505960372964438,-118.21655732130094,-1
774,-4.20314340167803,-12.264467372964432,-112.94073932130092,-1
775,-6.033479401678029,-14.763353372964431,-106.79698632130095,-1
776,-9.441287401678029,-10.95581237296443,-82.48262532130093,-1
777,-14.39443940167803,-7.38848337296443,-97.75636732130093,-1
778,-9.435975401678029,-0.23865737296443967,-108.22836732130094,-1
779,4.126072598321972,15.538503627035567,-77.76321932130094,-1
780,1.2110645983219719,8.268499627035567,-79.05186932130093,-1
781,5.74226459832197,-15.453577372964432,-111.46275832130092,2
782,-3.8894794016780274,-2.77771237296443,-69.71979232130093,-1
783,-9.96589540167803,-5.300493372964439,-78.61162232130093,-1
784,-4.574855401678029,8.36153162703556,-77.59415132130093,-1
785,-1.89376740167803,-14.82057437296443,-87.97177632130092,-1
786,-12.90902240167803,-8.892229372964437,-91.71863232130093,-1
787,-0.13276640167802967,6.757352627035559,-119.02487632130092,-1
788,11.843937598321968,2.8864956270355577,-119.16389932130093,-1
789,11.426529598321974,9.627454627035561,-102.22934432130094,-1
790,6.165985598321971,-4.594530372964442,-117.03372632130095,-1
791,6.485153598321968,2.0421736270355666,-119.14963232130094,-1
792,2.17225759832197,17.64954162703556,-120.07994532130093,2
793,-3.21283040167803,8.961461627035561,-117.63560932130093,-1
794,-0.8653104016780304,6.895253627035558,-117.14131632130093,-1
795,-3.8393264016780293,-15.788095372964435,-79.99545732130093,-1
796,-6.98243040167803,-15.481699372964442,-88.90039532130095,-1
797,1.5687375983219702,-5.035677372964443,-70.61563632130094,-1
798,1.8249935983219707,-10.732904372964441,-69.29677332130095,-1
799,1.323681598321972,5.962720627035566,-118.33490432130094,-1
800,-14.31779040167803,2.3037626270355673,-99.27028332130092,-1
801,-8.855326401678028,12.932996627035564,-82.37968932130093,-1
802,14.124321598321973,8.72732362703556,-111.33150232130095,-1
803,-3.3160624016780282,-15.077608372964434,-111.56596832130094,-1
804,-4.38691040167803,-8.37599337296443,-73.16286132130094,-1
805,16.725537598321974,5.9786126270355595,-108.95619632130092,-1
806,-6.832030401678029,10.59979762703557,-108.05191532130092,-1
807,-1.5321264016780276,11.179403627035569,-73.04996232130094,2
808,4.816353598321971,-10.286012372964436,-71.79730732130093,-1
809,-12.338805401678028,-5.172899372964437,-83.81851632130093,-1
810,8.670090598321973,3.1876506270355662,-90.04691032130094,-1
811,-2.68139740167803,-0.11713637296443835,-114.77579232130094,-1
812,12.290314598321974,8.580533627035564,-114.94359332130094,-1
813,-11.32747740167803,-3.5212043729644336,-104.86554432130094,-1
814,11.874890598321972,12.368688627035567,-110.00047732130093,-1
815,-0.28133340167802956,-0.48737537296443634,-75.12141932130095,-1
816,8.55949859832197,-5.518602372964438,-113.50632232130093,-1
817,8.81575459832197,10.717748627035562,-118.53976932130092,-1
818,-0.6967574016780276,-14.830286372964437,-73.48358632130095,-1
819,11.13057059832197,-7.607103372964431,-89.91005432130095,2
820,-2.7066774016780286,14.846357627035559,-109.92003332130093,-1
821,-0.33163740167803013,4.3155496270355655,-78.70560132130095,-1
822,2.43597859832197,18.640722627035558,-103.10211632130094,-1
823,-8.730037401678029,-5.08517637296444,-108.15462232130093,-1
824,-8.353205401678029,-6.681986372964431,-108.21312432130094,-1
825,1.7393385983219716,6.9838766270355706,-80.17464132130092,-1
826,12.099274598321973,7.934324627035565,-98.29189032130094,-1
827,-15.699765401678029,0.6162776270355579,-97.54800932130092,-1
828,-9.65406940167803,9.290342627035571,-79.66231232130093,-1
829,-3.7368214016780286,-6.326280372964433,-71.21626732130093,-1
830,3.411850598321969,17.86911562703557,-113.14870132130093,-1
831,-3.32978140167803,14.79325662703556,-92.73224332130093,-1
832,5.966538598321971,16.140302627035567,-103.44623232130093,-1
833,-6.968949401678028,1.31129262703557,-111.33417232130094,-1
834,7.751114598321973,-4.751932372964433,-114.21625232130094,-1
835,-9.27704540167803,13.033773627035558,-84.93097432130094,-1
836,2.8065155983219725,16.778035627035564,-114.92067432130094,-1
837,-2.570700401678028,16.617330627035557,-87.11192832130092,-1
838,-5.683596401678027,17.100194627035563,-82.06003332130092,-1
839,5.366451598321969,10.575788627035564,-88.75928232130093,-1
840,-12.635596401678029,8.266713627035557,-86.34526532130093,-1
841,-5.150668401678029,5.804525627035559,-76.56918832130094,-1
842,6.101875598321971,7.056310627035558,-86.81656332130095,-1
843,2.821171598321971,-9.544077372964438,-115.54695632130094,-1
844,1.1572995983219698,-17.349909372964433,-111.35654132130094,-1
845,-9.62465240167803,-12.692766372964442,-86.37781232130092,-1
846,-14.354380401678029,-7.21510537296443,-93.54750532130095,-1
847,5.126259598321969,19.944509627035558,-107.83623232130094,-1
848,10.430771598321972,3.0937026270355688,-92.22113532130095,-1
849,-2.3179004016780276,8.124234627035563,-118.08488932130095,-1
850,0.6528515983219698,-2.876375372964432,-71.96426832130092,-1
851,-0.08833240167803069,-13.233911372964442,-112.68282032130094,-1
852,-2.18343640167803,7.398748627035559,-116.45883632130094,-1
853,-6.297763401678029,16.517553627035568,-84.00854932130093,-1
854,1.5718045983219717,0.7511346270355688,-80.56056732130094,-1
855,6.160668598321973,14.888814627035558,-101.94423432130094,-1
856,2.0483485983219722,-12.074655372964443,-83.70782932130095,-1
857,7.44598059832197,-11.852915372964432,-112.81831832130092,2
858,7.890972598321969,4.202321627035559,-119.35336732130094,-1
859,-1.2905954016780292,-19.014353372964436,-101.43144732130094,-1
860,-10.87907540167803,0.23834762703556578,-78.05144232130093,-1
861,6.87343659832197,-7.440790372964443,-86.35834232130094,-1
862,-4.17385940167803,-16.410379372964442,-93.48714132130092,-1
863,-14.63401940167803,6.748433627035567,-92.85004132130092,-1
864,-5.10704340167803,13.91871462703557,-119.39722132130095,2
865,-15.899491401678029,-3.371401372964442,-95.51414932130095,-1
866,9.40002859832197,17.89665062703557,-112.40723132130094,-1
867,-12.213731401678029,-1.3738423729644325,-81.77466332130095,-1
868,-8.799866401678027,9.582074627035567,-104.27287732130094,-1
869,-1.8517064016780296,-18.607866372964438,-108.90514132130093,-1
870,-9.620986401678028,13.037122627035558,-87.45032232130094,-1
871,6.467461598321972,0.5961356270355651,-119.13834132130094,-1
872,1.3445175983219713,17.996412627035568,-110.57587132130092,-1
873,8.750149598321972,-3.094614372964429,-88.38216132130094,-1
874,2.867653598321972,-20.533739372964433,-105.02063432130095,2
875,4.521797598321971,10.96155362703557,-86.08563732130094,-1
876,-0.8718024016780284,16.151571627035565,-112.26859032130093,-1
877,2.8021815983219724,4.001691627035569,-117.73466932130094,-1
878,0.08768559832197198,-15.830972372964439,-92.03661032130094,-1
879,-4.8746824016780295,-15.732095372964437,-89.25293432130093,-1
880,7.395653598321967,-3.054704372964437,-117.85347432130092,-1
881,-3.7297224016780284,12.56706062703556,-111.71204132130094,-1
882,16.411461598321974,0.23467862703556364,-96.04869532130093,-1
883,-3.5868104016780293,-17.49095337296444,-107.06975232130094,-1
884,-14.67417040167803,2.822484627035564,-89.01813232130093,-1
885,-3.1516104016780275,15.277478627035563,-107.89026332130092,-1
886,-2.6109384016780304,-15.819155372964431,-82.17445832130093,-1
887,5.162949598321969,-6.499750372964442,-116.63487732130093,-1
888,-0.79884240167803,5.706121627035557,-116.17834932130094,-1
889,-5.103162401678031,-6.780908372964433,-72.73578332130094,-1
890,4.117829598321972,-7.462480372964436,-80.25720732130094,-1
891,9.422981598321972,4.375119627035559,-91.31506832130094,-1
892,-4.274682401678028,-4.74028937296444,-70.69873532130094,-1
893,0.9583825983219718,-5.873018372964438,-69.16965232130093,-1
894,5.470574598321971,9.608808627035557,-87.15912332130094,-1
895,2.016174598321971,19.83863662703557,-104.70355732130093,-1
896,8.287342598321974,12.419721627035557,-118.77428132130095,-1
897,20.585838598321974,0.40315762703556857,-108.61351532130092,-1
898,-11.482833401678029,-1.4763893729644337,-80.01955132130092,-1
899,-6.99028940167803,-0.2610263729644373,-111.26862032130094,-1
900,10.580654598321974,-3.1783243729644397,-112.31238232130093,-1
901,-15.351249401678029,2.621793627035558,-97.43796232130094,-1
902,8.723438598321973,-1.6770573729644411,-119.11386632130095,-1
903,3.1313105983219707,-11.923105372964443,-80.77429632130094,-1
904,-3.0598574016780304,-19.01278137296444,-102.39153032130093,-1
905,-10.743249401678028,-5.228136372964443,-80.31750932130095,-1
906,-7.338641401678029,-7.08414637296444,-75.67566432130093,-1
907,4.484078598321972,-9.891474372964439,-78.94844532130094,-1
908,-7.720017401678028,-12.810823372964435,-80.90709432130095,-1
909,5.366894598321974,13.007817627035564,-95.84213732130092,-1
910,1.6746065983219722,15.391294627035563,-97.62306732130094,-1
911,10.229038598321974,-0.8707223729644369,-119.12154132130092,-1
912,1.9793745983219715,5.86552262703556,-119.66249532130092,-1
913,-7.176657401678028,-13.219194372964438,-104.89134732130094,-1
914,1.4806865983219701,-9.492334372964436,-68.67061332130095,-1
915,-4.933224401678029,-17.89170237296443,-98.60669432130092,-1
916,-9.33655240167803,-6.780481372964431,-106.51924632130093,-1
917,6.177815598321974,4.442334627035564,-86.77415932130094,-1
918,1.2266475983219713,14.851590627035563,-87.51561432130094,-1
919,3.910359598321971,19.747342627035565,-105.25703932130094,-1
920,4.7021035983219726,9.726026627035566,-84.65137232130093,-1
921,-13.212136401678029,0.5988136270355682,-83.30521132130093,-1
922,13.63605559832197,6.1471306270355655,-96.67738832130092,-1
923,-4.621608401678028,4.783345627035558,-74.14986132130093,-1
924,-8.18282440167803,-9.97313937296444,-106.57550532130094,-1
925,16.52827959832197,4.458898627035566,-111.84109932130093,-1
926,3.892311598321971,-9.759180372964437,-80.49849432130094,-1
927,20.23503159832197,-2.2573343729644364,-109.77892032130094,2
928,1.6136555983219694,-15.192537372964438,-72.34521932130093,-1
929,0.7840235983219692,-2.5160623729644414,-73.78294832130092,-1
930,-5.040808401678028,15.353070627035564,-90.54323332130093,-1
931,3.514263598321971,14.330785627035567,-96.67065932130095,-1
932,-2.496680401678031,16.94023662703556,-106.01270032130094,-1
933,-9.980223401678028,-12.506418372964433,-88.28041532130092,-1
934,-12.96339140167803,-7.268739372964433,-101.72264532130094,-1
935,-1.7167354016780294,-2.691652372964441,-70.11633732130093,-1
936,3.39443259832197,15.294996627035559,-98.29526232130092,-1
937,7.6713605983219715,14.16851562703556,-102.99908932130094,-1
938,-10.518143401678028,-12.209543372964433,-92.14526832130093,-1
939,-0.5363194016780284,7.335401627035566,-78.37857532130093,-1
940,-1.6314234016780276,14.402066627035566,-93.10321532130092,-1
941,11.551808598321973,11.320974627035568,-112.11011232130093,-1
942,7.975552598321972,1.937558627035557,-88.82309432130094,-1
943,1.9672325983219707,15.20309962703557,-85.34332732130093,-1
944,-6.779839401678029,14.192815627035557,-96.27390032130094,-1
945,-13.78227140167803,8.542348627035565,-92.66310632130094,-1
946,-4.60198340167803,12.231534627035558,-115.65431732130094,-1
947,14.048256598321974,7.816991627035563,-113.22275232130093,-1
948,-0.9738874016780308,-6.328027372964442,-69.31158932130094,-1
949,7.580544598321968,17.22212762703556,-105.57050032130093,-1
950,-1.42604740167803,14.739301627035559,-91.20432032130094,-1
951,-12.63660740167803,-1.741915372964442,-103.12709532130094,-1
952,7.13561659832197,12.323781627035558,-96.79456032130093,-1
953,-0.4639354016780288,17.64804662703557,-118.50612332130095,-1
954,-12.453055401678029,0.49291762703556685,-81.50439932130092,-1
955,0.4720005983219693,-18.539057372964436,-110.35408532130094,-1
956,-2.9496314016780296,19.738904627035566,-79.13962232130095,-1
957,9.056576598321971,14.866170627035558,-105.49252832130094,-1
958,5.123840598321973,14.602727627035563,-120.24500032130092,2
959,15.51530559832197,3.1398756270355648,-112.30040432130093,-1
960,7.016617598321968,7.72695762703556,-121.07065332130094,2
961,-1.0580704016780302,-2.85101537296444,-115.82036332130093,-1
962,16.712681598321968,1.9156016270355707,-111.83569832130092,-1
963,7.0349855983219705,12.226033627035562,-120.18764232130093,2
964,-6.640406401678028,16.114461627035567,-86.12411932130092,-1
965,-11.77711040167803,10.007955627035557,-85.99725832130093,-1
966,-0.35221440167802953,-19.46148837296444,-107.25681032130095,-1
967,10.197865598321972,17.14344562703556,-109.03223132130094,-1
968,9.916073598321969,-0.5247293729644298,-90.54053232130093,-1
969,-4.136790401678031,13.50295062703556,-115.77878332130092,-1
970,-16.267478401678027,-1.3268913729644396,-95.46678632130093,-1
971,-8.137046401678028,-15.277422372964438,-94.50684032130093,-1
972,4.31479359832197,-9.751070372964435,-85.59143532130093,-1
973,12.26628159832197,4.217084627035561,-118.35349032130094,-1
974,16.123753598321972,-2.7022113729644417,-111.19066332130095,-1
975,3.818089598321972,-10.068933372964437,-69.23878932130094,-1
976,-3.8430304016780283,2.919828627035571,-113.68161532130094,-1
977,-9.20386240167803,-2.0896393729644416,-75.11285832130093,-1
978,3.4978335983219715,-11.436586372964442,-87.27859932130093,-1
979,3.3831455983219705,-6.1825273729644294,-72.91753132130094,-1
980,-5.016598401678028,17.813802627035557,-80.19879632130093,-1
981,-4.667926401678031,-10.303789372964431,-74.74306232130093,-1
982,-7.352278401678028,13.418828627035566,-77.25462832130094,-1
983,2.75605059832197,-11.638086372964437,-69.58707132130093,-1
984,-4.608813401678031,-14.492624372964443,-77.94019032130095,-1
985,-6.58270140167803,-16.441660372964435,-96.59570832130095,-1
986,3.495442598321972,-5.12069137296443,-80.13504532130094,-1
987,-5.3001414016780295,16.73928662703557,-75.36131732130093,2
988,7.94075459832197,1.2333816270355697,-119.50647432130094,-1
989,7.469586598321971,18.72183062703556,-106.80234232130093,-1
990,2.7726905983219723,-16.584314372964442,-94.00179032130094,2
991,7.091538598321971,-10.22845637296443,-88.50618432130094,-1
992,2.5577785983219705,5.349607627035567,-120.86118032130094,2
993,11.468754598321969,0.14591762703555844,-118.88037632130093,-1
994,2.2032825983219695,16.23850762703556,-116.71136932130094,-1
995,5.938194598321974,17.81955562703557,-104.66510532130093,-1
996,-14.615853401678029,6.6545466270355575,-95.06273332130093,-1
997,-6.760045401678028,5.357145627035564,-75.21169032130092,-1
998,-2.6424134016780307,1.3719386270355614,-114.79195132130093,-1
999,2.629330598321971,4.974630627035566,-118.09477732130094,-1
1000,3.94792259832197,4.123410627035568,-118.17548132130094,-1
1001,-5.38046140167803,-12.745317372964436,-111.84622632130095,-1
1002,-10.94954940167803,9.273198627035569,-82.43031832130094,-1
1003,4.40097859832197,-8.080461372964436,-73.26671332130093,-1
1004,-9.740996401678029,8.13724362703556,-102.28583232130094,-1
1005,-7.24339640167803,3.909154627035562,-73.61674932130094,-1
1006,-9.530564401678028,9.91714262703556,-100.23380032130095,-1
1007,-4.936452401678029,7.051946627035562,-77.37624032130094,-1
1008,-3.632260401678028,15.807340627035558,-105.95308432130093,-1
1009,-9.15366840167803,3.4636746270355587,-75.72206632130093,-1
1010,-13.09562040167803,-5.171602372964429,-85.62341832130093,-1
1011,5.107067598321972,-16.79541937296443,-111.33658332130094,2
1012,-11.24282040167803,6.944287627035564,-100.50763432130094,-1
1013,2.7557075983219725,16.45771562703557,-118.37315832130093,-1
1014,-1.3193004016780279,-18.077188372964443,-98.42831932130093,-1
1015,-8.80678840167803,-8.394632372964438,-106.56100932130093,-1
1016,4.521275598321971,16.30871362703556,-76.09926332130092,2
1017,-3.4281644016780284,7.999768627035564,-115.56079532130093,-1
1018,7.3164755983219685,0.6056496270355609,-87.69678232130093,-1
1019,-12.21773240167803,6.012838627035563,-82.64946432130094,-1
1020,14.960804598321968,6.52821162703556,-104.18616232130094,-1
1021,-9.79017140167803,-8.540308372964432,-104.87859032130095,-1
1022,8.239460598321973,16.384168627035564,-114.56284032130094,-1
1023,-8.255259401678028,-2.2610113729644326,-73.70432032130094,-1
1024,-11.161755401678029,11.211759627035562,-96.58095232130094,-1
1025,-5.98178740167803,-15.688104372964432,-85.15770432130094,-1
1026,-8.301083401678028,-13.768053372964431,-103.45308432130093,-1
1027,12.222244598321968,0.90218162703556,-117.05226632130095,-1
1028,-0.533019401678029,8.842984627035563,-77.44821632130095,-1
1029,-8.013211401678028,-11.62513937296444,-104.81235232130092,-1
1030,-3.1091474016780296,15.565656627035565,-116.33324132130093,-1
1031,-5.0699794016780295,14.686597627035567,-100.15244032130093,-1
1032,-10.705371401678029,-8.873140372964443,-84.18855732130095,-1
1033,2.859364598321971,13.427983627035559,-74.73749232130095,2
1034,-5.04885940167803,-16.12093537296444,-105.13268032130094,-1
1035,9.326500598321974,1.9068126270355634,-119.81607532130093,-1
1036,1.8010605983219712,-14.19970137296444,-71.15833032130092,-1
1037,-0.10012340167802947,-13.663629372964436,-87.27017732130093,-1
1038,0.6870125983219708,-13.738939372964438,-88.59154232130092,-1
1039,3.962532598321971,12.523221627035568,-82.35583932130095,-1
1040,-14.305627401678029,6.714505627035564,-90.72411032130094,-1
1041,-2.6264184016780305,-3.024965372964431,-114.93803832130092,-1
1042,1.7507335983219718,14.458989627035564,-95.95952332130094,-1
1043,-1.7973624016780292,15.181623627035563,-96.75172932130093,-1
1044,-6.69483440167803,-16.88397437296443,-98.34932432130094,-1
1045,-1.2009464016780278,-1.4432013729644382,-115.82700032130094,-1
1046,-15.17253040167803,-3.1491943729644305,-91.35939532130092,-1
1047,-12.02155440167803,3.5264486270355633,-102.86139432130093,-1
1048,4.221581598321972,-4.3071233729644405,-117.67499232130095,-1
1049,9.22593359832197,-5.505548372964441,-88.24492332130094,-1
1050,8.636173598321971,-3.129930372964438,-114.79819232130095,-1
1051,7.333325598321974,10.60383362703557,-120.49442032130094,2
1052,1.2529415983219714,-19.831468372964437,-105.77861532130095,-1
1053,7.058125598321968,-3.4364183729644395,-86.74960832130094,-1
1054,-8.715058401678029,-10.961885372964431,-80.71730532130093,-1
1055,-10.199986401678029,-10.470224372964438,-103.37315832130093,-1
1056,3.00814159832197,-6.58381837296443,-71.11627632130094,-1
1057,-11.76952240167803,-0.05357537296443127,-104.92773932130095,-1
1058,4.757389598321971,5.325811627035563,-120.98083932130095,2
1059,-0.38456240167802846,10.009748627035563,-76.17473332130095,-1
1060,-5.015986401678028,4.485921627035566,-112.71022532130092,-1
1061,20.78292559832197,-1.720140372964437,-104.69095332130092,2
1062,-12.059762401678029,5.390981627035558,-100.71924332130092,-1
1063,6.6671495983219735,-5.002306372964441,-85.85983732130094,-1
1064,-2.658610401678029,-1.5870233729644383,-114.80692032130094,-1
1065,-14.391433401678029,-5.4436663729644295,-99.73859132130093,-1
1066,11.031990598321972,-1.7094743729644364,-91.16986532130093,-1
1067,-6.077449401678027,-16.024896372964434,-92.98349432130092,-1
1068,-13.792329401678028,6.598096627035559,-88.63762332130094,-1
1069,5.6541985983219725,5.881658627035563,-119.25864132130093,-1
1070,-1.5402974016780284,-9.314096372964443,-71.18555132130095,-1
1071,-5.978377401678028,1.1076486270355588,-71.77289332130093,-1
1072,7.468342598321971,-8.221811372964439,-87.46504732130094,-1
1073,-7.498761401678028,-11.54785337296444,-106.60556532130093,-1
1074,0.12504659832197262,16.640668627035566,-112.33832232130092,-1
1075,11.382198598321974,-0.2952743729644425,-117.54185932130093,-1
1076,-6.36948140167803,-14.607607372964438,-81.22826132130095,-1
1077,-3.2270174016780295,13.957334627035564,-113.96967032130092,-1
1078,3.863350598321972,17.808957627035568,-76.74573232130095,2
1079,-8.18861740167803,-14.386553372964443,-86.68073032130093,-1
1080,-6.090121401678029,-0.26591737296443796,-71.38663232130094,-1
1081,-2.4515294016780302,16.225042627035563,-116.57010332130093,-1
1082,17.98719059832197,2.9125196270355644,-101.15921532130093,-1
1083,-15.887049401678029,2.905469627035558,-93.09946132130094,-1
1084,6.487606598321971,-5.34818437296444,-116.08299732130092,-1
1085,-9.77641640167803,4.781141627035566,-106.42206332130093,-1
1086,-14.72169640167803,-3.4936853729644355,-99.63890532130094,-1
1087,5.815327598321968,-7.356676372964429,-115.77234332130092,-1
1088,6.380959598321969,6.3200436270355596,-119.90297432130095,-1
1089,-5.52496040167803,-3.2709523729644303,-112.68388832130094,-1
1090,4.869087598321972,11.255925627035566,-92.48006132130092,-1
1091,12.197983598321972,-2.8165993729644327,-91.68109632130094,-1
1092,4.475231598321972,-8.601152372964435,-116.07477332130094,-1
1093,-9.337760401678029,-1.8794113729644408,-108.20226032130094,-1
1094,-9.221728401678028,6.311261627035563,-106.36073732130095,-1
1095,2.3145915983219716,-21.01672537296443,-102.32082032130094,2
1096,-4.59676840167803,-10.932237372964437,-113.30777432130094,-1
1097,8.676895598321973,11.225599627035564,-97.94423432130094,-1
1098,6.486687598321968,-9.81459237296444,-114.34451732130094,-1
1099,-5.511584401678029,-15.858057372964439,-83.30496732130092,-1
1100,-5.98928040167803,-11.271311372964433,-112.06964632130092,-1
1101,-9.787680401678028,12.408246627035567,-96.36633732130093,-1
1102,-5.785376401678029,10.311177627035562,-109.82051532130095,-1
1103,3.0607035983219717,16.60172062703556,-119.97392732130095,2
1104,-1.2823364016780303,-14.648309372964434,-84.10539732130093,-1
1105,-12.374944401678029,7.571820627035564,-98.79068432130094,-1
1106,9.079624598321974,16.52010862703557,-106.62088532130093,-1
1107,-10.42123940167803,-6.898065372964439,-104.86229432130094,-1
1108,-5.140343401678027,11.579770627035558,-74.33308932130095,-1
1109,11.189320598321974,-0.5175193729644292,-115.96463532130093,-1
1110,16.61965659832197,4.840444627035566,-103.58127332130093,-1
1111,-4.138871401678028,-3.1475013729644417,-113.92126932130094,-1
1112,-13.97055140167803,-1.2500023729644312,-85.28098032130094,-1
1113,8.323528598321968,-0.3351533729644416,-119.49045232130092,-1
1114,-4.328183401678029,17.32449162703557,-84.71596232130094,-1
1115,-0.028983401678029708,1.009114627035558,-78.60051432130095,-1
1116,3.01325659832197,-11.062631372964432,-86.06538832130093,-1
1117,14.020744598321972,-2.314661372964437,-111.29945832130093,-1
1118,1.1763925983219714,-13.700411372964439,-82.51016732130094,-1
1119,-5.274295401678028,15.48960662703557,-119.47839832130094,2
1120,-14.87269540167803,4.557843627035567,-97.32425432130094,-1
1121,-11.03947940167803,7.268621627035557,-80.79814632130095,-1
1122,11.814408598321972,7.443608627035559,-96.03706832130092,-1
1123,-10.648055401678029,-0.15965437296443952,-106.62236532130095,-1
1124,-14.517262401678028,-5.1065613729644355,-91.47638432130094,-1
1125,2.744305598321972,-10.853800372964443,-69.06334432130095,-1
1126,-7.951758401678028,-8.286615372964434,-108.30090832130094,-1
1127,0.3929455983219725,-15.580484372964435,-81.12839232130094,-1
1128,-3.0896144016780305,-15.965555372964431,-78.27621932130094,-1
1129,2.5615855983219724,-8.643274372964441,-68.24979132130093,-1
1130,-11.461070401678029,-12.860483372964438,-97.99014732130092,-1
1131,7.467697598321973,-10.369470372964443,-113.62088532130093,-1
1132,18.469937598321973,2.8734946270355692,-103.23247232130095,-1
1133,-1.8546704016780282,18.425580627035558,-83.41133632130092,-1
1134,-10.350734401678029,8.432225627035564,-100.32068332130095,-1
1135,-5.8674064016780285,5.948476627035561,-111.45232132130093,-1
1136,12.472241598321968,7.112531627035565,-116.14850332130092,-1
1137,-8.40948640167803,-7.14539537296443,-77.18120332130093,-1
1138,2.5960815983219696,11.73533462703557,-77.42221532130094,-1
1139,-7.1667984016780295,-14.668390372964438,-82.94757532130095,-1
1140,-12.51649440167803,-3.535303372964435,-103.20927932130093,-1
1141,7.313393598321969,19.37634062703556,-111.08731532130093,-1
1142,-10.47306140167803,-12.583162372964438,-101.93994632130094,-1
1143,4.627098598321972,-2.8932593729644367,-83.91724132130093,-1
1144,2.516186598321969,-11.95134937296443,-82.24998932130094,-1
1145,4.465882598321972,-7.808122372964434,-76.84462432130093,-1
1146,-1.5096694016780283,-15.527300372964433,-74.94672132130094,-1
1147,-9.387749401678029,-7.156999372964435,-78.75214132130094,-1
1148,-7.760485401678029,14.910154627035567,-83.20984332130092,-1
1149,15.64373859832197,0.8278556270355608,-112.01758332130095,-1
1150,0.05141859832196971,18.301809627035567,-108.41115332130093,-1
1151,4.794266598321972,2.490056627035557,-118.55728632130092,-1
1152,-9.950629401678029,7.58217462703557,-79.09598232130094,-1
1153,-3.6840694016780304,-17.349359372964443,-105.26276132130093,-1
1154,3.9456905983219706,-8.54851737296444,-83.11786332130094,-1
1155,-4.082469401678029,-1.6821003729644417,-113.67535832130093,-1
1156,3.3630985983219723,16.110601627035564,-116.72377532130093,-1
1157,-9.207333401678028,11.830289627035569,-98.29478932130093,-1
1158,12.569626598321971,2.657178627035563,-117.78687032130094,-1
1159,-5.286309401678029,2.8902106270355574,-112.54999232130095,-1
1160,-3.1629174016780297,-18.651483372964435,-100.88141332130093,-1
1161,19.71439459832197,0.6196346270355662,-100.97670432130093,-1
1162,-6.555045401678029,13.89364462703557,-98.21794632130093,-1
1163,-15.271973401678029,-5.376375372964432,-95.56401532130093,-1
1164,-1.4582774016780284,17.914899627035567,-118.52602132130093,-1
1165,-9.01456540167803,-14.076029372964442,-90.44402032130094,-1
1166,-1.3717494016780307,-15.660555372964438,-90.81880632130094,-1
1167,-13.39760540167803,8.188550627035568,-97.02299932130094,-1
1168,21.172634598321974,-1.7560823729644426,-102.73997932130092,2
1169,14.010330598321968,6.41747062703557,-114.40613232130093,-1
1170,4.145882598321972,-14.872621372964431,-111.34889732130094,-1
1171,-6.837285401678031,-13.182207372964442,-106.68701632130094,-1
1172,8.122650598321972,-8.982050372964437,-88.44534732130094,-1
1173,3.1642505983219706,16.147649627035563,-99.95358732130094,-1
1174,-8.387749401678029,-15.59054037296444,-98.24393132130095,-1
1175,5.0956425983219695,-12.453501372964439,-75.76958132130093,-1
1176,-13.76822940167803,8.452047627035569,-94.89175932130092,-1
1177,-1.2049244016780278,1.2419416270355583,-74.48795032130093,-1
1178,0.8942115983219701,-10.55634537296443,-69.75298032130092,-1
1179,2.2757155983219697,18.44595162703557,-79.24477132130093,-1
1180,-5.654780401678028,15.197980627035562,-74.58464532130094,2
1181,8.852291598321973,14.764486627035566,-115.82544432130092,-1
1182,3.7169315983219704,-19.53991137296444,-108.93597932130095,2
1183,8.17542759832197,5.697400627035563,-118.93254532130092,-1
1184,-9.22239640167803,7.978597627035569,-104.30640132130094,-1
1185,-5.2076124016780305,8.851537627035569,-111.64951032130094,-1
1186,15.64857959832197,6.806020627035565,-111.95671532130095,-1
1187,4.05395559832197,-18.908334372964433,-110.15178432130094,2
1188,19.382851598321974,-2.86767037296444,-110.96342932130094,2
1189,2.070915598321971,2.5739576270355684,-81.63969932130092,-1
1190,9.416195598321973,-4.325716372964436,-112.74232932130093,-1
1191,0.9961635983219708,20.27520562703556,-77.60481732130094,2
1192,-6.194428401678028,-1.916452372964443,-71.13042132130093,-1
1193,-2.30284440167803,8.796598627035564,-76.90727732130094,-1
1194,6.516995598321973,9.830289627035569,-91.62798032130092,-1
1195,-0.9868764016780283,-11.690225372964434,-113.83755932130094,-1
1196,10.60582759832197,0.6604666270355608,-91.72668932130094,-1
1197,-1.2109404016780303,-17.82390837296444,-96.71579432130093,-1
1198,-5.10047640167803,14.653516627035557,-98.24406932130094,-1
1199,8.890179598321968,17.187589627035564,-113.48622632130093,-1
1200,-7.6006364016780275,12.599485627035563,-102.19524132130093,-1
1201,2.641987598321972,-14.309023372964432,-111.51428732130094,-1
1202,-15.84767640167803,-3.2899873729644327,-93.34415132130093,-1
1203,-3.73397140167803,-7.677355372964442,-114.55261732130094,-1
1204,1.6118205983219696,12.294347627035563,-74.13297032130095,2
1205,-7.85678740167803,-10.906946372964441,-79.04744432130093,-1
1206,-13.777299401678029,-4.974725372964443,-89.55537932130093,-1
1207,1.5994685983219696,3.9751186270355703,-117.16490632130095,-1
1208,4.366444598321969,19.94296862703557,-109.80315132130093,-1
1209,2.2090045983219717,-17.25972937296443,-97.28018632130093,2
1210,-6.387347401678028,-15.50578537296444,-87.05762232130093,-1
1211,-10.552787401678028,11.57523862703556,-85.35402432130093,-1
1212,-1.702803401678029,16.61969562703557,-116.73364732130094,-1
1213,-11.678035401678029,0.3931936270355578,-79.74001032130093,-1
1214,-10.01864340167803,4.066991627035563,-77.31842532130094,-1
1215,-2.1785154016780304,6.057111627035567,-115.47743732130093,-1
1216,-0.8409154016780285,-4.27369937296443,-115.81436632130092,-1
1217,19.91633259832197,2.365056627035557,-109.19331832130092,-1
1218,0.32369259832196917,6.023885627035568,-120.77448032130093,2
1219,-1.9202114016780278,-15.934252372964437,-111.57071432130093,-1
1220,-8.93115540167803,1.2082876270355598,-74.76659132130092,-1
1221,5.8249405983219695,15.735074627035559,-117.15540032130093,-1
1222,-4.888211401678028,-18.30358337296444,-102.19165532130094,-1
1223,-10.494099401678028,-10.786936372964433,-86.20099332130093,-1
1224,-7.57898640167803,-9.916589372964438,-108.39711432130093,-1
1225,7.482517598321973,6.989186627035565,-89.24503032130093,-1
1226,-10.499242401678028,-1.8550363729644346,-106.58360732130095,-1
1227,8.432213598321969,-10.88977237296443,-112.99156632130092,2
1228,6.93806959832197,-6.023836372964439,-115.09180132130095,-1
1229,-16.18756240167803,0.7536146270355601,-95.39124032130093,-1
1230,-8.234090401678028,2.710202627035571,-74.13670832130094,-1
1231,-11.776938401678029,-10.590860372964443,-91.91727132130094,-1
1232,0.6821335983219718,-20.285951372964433,-103.22044832130092,-1
1233,-11.50231440167803,11.58012962703556,-94.45047432130093,-1
1234,-3.034346401678029,-17.70350137296444,-97.64581732130094,-1
1235,-0.9489704016780287,-16.518465372964442,-78.92769332130092,-1
1236,-2.1371304016780286,16.220472627035562,-100.32318632130094,-1
1237,-2.641066401678028,-18.79235237296443,-103.85193332130095,-1
1238,15.041237598321974,-1.6255663729644425,-93.79648332130094,2
1239,8.878933598321968,0.7021466270355603,-89.77496832130095,-1
1240,-1.1885864016780303,7.4146476270355635,-118.56990532130092,-1
1241,12.814526598321972,4.084562627035567,-116.90346232130094,-1
1242,-8.32736140167803,13.412595627035557,-96.27727232130093,-1
1243,20.092350598321968,-2.1337073729644374,-99.39095032130095,2
1244,-10.882561401678029,-7.062982372964441,-82.21527532130094,-1
1245,4.12454259832197,-8.318315372964435,-71.60829632130094,-1
1246,-10.67724940167803,2.1064506270355707,-77.74889132130093,-1
1247,-13.836737401678029,4.143285627035567,-99.13336632130094,-1
1248,-8.507329401678028,13.676839627035562,-94.20728032130094,-1
1249,10.000702598321968,16.24947162703556,-112.87457732130093,-1
1250,6.42182259832197,13.841642627035569,-100.31754032130092,-1
1251,18.91103859832197,2.7199606270355616,-105.29456032130093,-1
1252,-6.590977401678028,-8.82171837296444,-75.90102132130093,-1
1253,-2.3265294016780302,-14.143739372964433,-112.28838032130093,-1
1254,-13.170113401678028,1.984189627035562,-101.04474332130093,-1
1255,8.47123059832197,5.669370627035562,-90.27168732130093,-1
1256,-16.22598540167803,0.8400556270355679,-93.18459032130093,-1
1257,-3.6712334016780304,14.63358062703557,-116.04248532130094,-1
1258,-13.084801401678028,2.4632546270355675,-83.09970532130095,-1
1259,-12.18950540167803,-6.97719737296444,-85.84055032130092,-1
1260,-8.65056140167803,7.820356627035565,-106.30997132130094,-1
1261,18.676670598321973,4.080625627035559,-109.97334732130093,-1
1262,10.904766598321974,12.77832562703557,-113.03537432130094,-1
1263,-3.5950324016780293,-9.976900372964437,-73.47632332130092,-1
1264,17.42499959832197,2.7012006270355613,-99.08437032130092,-1
1265,-9.625624401678028,-3.606783372964429,-76.84264132130093,-1
1266,-4.92072840167803,-16.204965372964438,-106.93364432130093,-1
1267,2.765991598321971,-14.370188372964435,-90.76170832130094,-1
1268,0.5010955983219709,-6.95951237296444,-68.82928932130093,-1
1269,-6.2818804016780305,9.971502627035562,-76.80385332130095,-1
1270,5.668007598321974,-3.9659673729644425,-84.93672632130094,-1
1271,0.6427275983219722,19.61890162703557,-79.61798532130092,-1
1272,0.1577995983219722,1.5062696270355644,-116.78426032130093,-1
1273,3.0328715983219716,-15.936250372964437,-92.52515132130094,2
1274,1.273895598321971,-0.8150123729644321,-79.36864232130094,-1
1275,-1.1004404016780285,15.328862627035562,-89.25667332130092,-1
1276,-7.9299444016780285,12.94640162703557,-98.22957332130093,-1
1277,11.528359598321973,-8.176744372964436,-111.90294332130094,2
1278,18.57546359832197,-2.249964372964442,-98.01428732130094,2
1279,-2.15880840167803,2.7757546270355675,-74.01581332130093,-1
1280,3.80042359832197,-11.380579372964434,-69.58556032130093,-1
1281,1.2655115983219716,18.577100627035563,-120.20660832130093,2
1282,-12.54024840167803,10.200444627035566,-90.27242032130093,-1
1283,20.84183159832197,-1.6864793729644418,-106.52414432130092,2
1284,-8.50191240167803,-12.84330237296443,-82.65329432130093,-1
1285,2.390183598321972,5.686261627035563,-118.75734432130093,-1
1286,-2.483672401678028,-16.916124372964433,-94.21432932130094,-1
1287,8.479847598321971,18.76523362703557,-111.79219532130094,-1
1288,-8.345176401678028,11.171468627035566,-104.26738432130094,-1
1289,-6.502936401678028,-8.037203372964441,-111.86189732130094,-1
1290,0.2623755983219702,-8.165437372964433,-69.00069132130093,-1
1291,10.312336598321973,17.198980627035567,-111.49113932130095,-1
1292,6.49160059832197,6.695340627035563,-121.18320132130094,2
1293,12.53211259832197,-0.2107263729644302,-113.03909732130094,-1
1294,12.485584598321974,11.090856627035564,-108.66248032130093,-1
1295,-1.2225754016780286,-17.858301372964434,-110.37622532130092,-1
1296,5.218960598321974,13.825917627035565,-97.54695632130094,-1
1297,-6.556527401678029,14.024427627035564,-104.15175332130093,-1
1298,-8.30500740167803,14.54581262703556,-87.76715532130095,-1
1299,-4.31121540167803,15.660436627035565,-117.91194632130095,-1
1300,-4.6454234016780305,6.159414627035559,-113.14948032130093,-1
1301,-11.76523140167803,-8.749643372964442,-87.91644732130092,-1
1302,15.834000598321968,-4.943605372964441,-111.57780932130095,2
1303,-15.38142340167803,2.8952236270355627,-91.03555732130093,-1
1304,-12.16817540167803,10.099355627035564,-88.12399732130095,-1
1305,-0.42737540167802734,-16.71859137296444,-111.48036632130095,-1
1306,-3.991151401678028,-6.147493372964433,-114.43381232130093,-1
1307,-0.9823834016780282,-14.65960937296444,-112.17038432130093,-1
1308,-4.068463401678031,19.663884627035557,-76.64488732130093,2
1309,-6.027951401678028,13.687803627035564,-106.06786032130094,-1
1310,-11.41694340167803,9.12625662703556,-98.59911032130094,-1
1311,13.898960598321974,6.961889627035561,-101.76108232130093,-1
1312,10.601872598321972,14.145070627035565,-106.69803332130093,-1
1313,1.6791845983219709,19.708730627035564,-106.67149832130093,-1
1314,-13.131951401678029,-1.3053833729644424,-83.49487732130095,-1
1315,-5.063151401678031,-1.4815163729644354,-70.15192132130093,-1
1316,-3.8919514016780283,15.95709062703557,-102.11557532130092,-1
1317,-7.913222401678031,7.68817662703556,-108.24130732130092,-1
1318,4.734585598321971,-13.689729372964436,-112.19203632130095,-1
1319,6.486393598321971,16.378217627035568,-115.74881432130093,-1
1320,9.803833598321969,-4.215982372964433,-89.14377332130093,-1
1321,18.20888959832197,-3.501146372964442,-111.41061832130094,2
1322,-8.312838401678029,6.148549627035564,-108.17522132130094,-1
1323,0.25599359832197166,6.38475562703556,-117.79182932130092,-1
1324,-7.057158401678031,-9.815096372964433,-110.28041532130092,-1
1325,-8.95373440167803,11.449102627035558,-80.18430032130092,-1
1326,-0.5107264016780277,15.92000362703557,-87.27373232130094,-1
1327,3.549305598321972,13.446828627035558,-95.01169332130092,-1
1328,6.137337598321974,-14.14316037296443,-111.93759632130093,2
1329,1.9391295983219692,-4.058977372964435,-76.27814232130095,-1
1330,1.6265535983219692,-12.159532372964435,-85.21640532130093,-1
1331,9.535481598321969,3.7010406270355674,-119.63010132130094,-1
1332,-14.94023040167803,4.8403376270355665,-90.89490232130095,-1
1333,13.69836159832197,-6.543283372964439,-111.56314532130094,2
1334,1.0905535983219714,16.416784627035568,-116.69794132130093,-1
1335,3.200249598321971,-19.957567372964434,-106.12152532130094,2
1336,1.2040255983219694,-16.15390237296444,-79.48367832130094,-1
1337,-7.71539840167803,-3.795252372964441,-73.77383932130093,-1
1338,-5.304326401678029,-14.520746372964439,-110.22392732130095,-1
1339,4.480889598321969,-10.309244372964443,-70.35625132130093,-1
1340,-3.7169984016780298,-14.37880937296444,-76.37677432130093,-1
1341,8.341625598321972,12.055043627035559,-99.72609432130093,-1
1342,1.9649855983219702,-14.017610372964441,-81.05447832130093,-1
1343,-4.13231740167803,-4.616678372964429,-114.20114632130094,-1
1344,-5.69334140167803,10.752820627035561,-75.48155732130093,-1
1345,8.406754598321971,-6.860399372964437,-87.71001132130093,-1
1346,-2.628829401678029,-4.191629372964442,-69.54765832130093,-1
1347,-12.691869401678028,3.7250806270355667,-100.89012632130093,-1
1348,2.680290598321971,12.650724627035558,-76.10751832130094,-1
1349,-12.128861401678028,-10.674509372964437,-93.88019232130094,-1
1350,13.19101059832197,-1.1561833729644349,-111.98851532130092,-1
1351,-7.231965401678028,-2.2747593729644393,-72.41214432130093,-1
1352,4.943970598321972,14.681165627035568,-99.23404432130093,-1
1353,-1.8612774016780307,-13.330484372964435,-73.58199032130094,-1
1354,1.5190745983219713,5.108472627035567,-117.57614632130094,-1
1355,3.4576345983219703,5.565839627035558,-119.05594332130093,-1
1356,2.2996185983219704,-3.5471823729644427,-117.37088532130093,-1
1357,10.982498598321971,16.209226627035562,-110.43967132130092,-1
1358,1.05053059832197,-5.40275737296443,-116.71815932130093,-1
1359,-1.7078694016780283,-16.10481437296444,-80.63043732130095,-1
1360,-0.16316540167802884,10.905072627035565,-74.93237732130095,-1
1361,-7.422557401678031,9.17445962703556,-108.16142732130095,-1
1362,1.4320345983219696,5.602765627035566,-120.83017432130094,2
1363,-11.163293401678029,-12.82175637296443,-100.02895032130093,-1
1364,-8.51497340167803,11.211324627035566,-102.23242632130095,-1
1365,-11.73212540167803,-7.089418372964431,-103.33093732130092,-1
1366,4.085026598321971,15.627301627035564,-120.09850032130095,2
1367,-0.08502140167803063,-19.348833372964435,-108.94354732130094,-1
1368,17.38032259832197,4.535718627035564,-105.80290732130092,-1
1369,18.246754598321974,4.412351627035562,-108.05601932130094,-1
1370,13.41677959832197,3.4070796270355572,-115.32069832130094,-1
1371,0.6149875983219708,14.423375627035568,-89.64618432130092,-1
1372,4.56615559832197,15.939008627035562,-116.81485432130094,-1
1373,8.37773959832197,-0.5723513729644338,-88.54156932130093,-1
1374,-13.64824440167803,-1.6569993729644352,-101.31328332130093,-1
1375,14.88679559832197,-3.5635093729644325,-111.18639132130093,-1
1376,-13.28056440167803,6.45558762703557,-86.60493932130095,-1
1377,4.02292359832197,-13.458215372964432,-70.64055332130093,-1
1378,-1.2631564016780281,5.747358627035567,-77.87030532130095,-1
1379,-1.3103244016780309,-18.336023372964434,-100.07626832130094,-1
1380,-10.011508401678029,-10.886690372964438,-84.32007332130092,-1
1381,7.70292359832197,-1.9613823729644366,-87.58138032130094,-1
1382,3.549259598321971,13.119954627035568,-78.35143032130094,-1
1383,7.565323598321971,-5.9503953729644365,-86.79401132130093,-1
1384,-10.45707640167803,-3.4619843729644373,-78.47449232130094,-1
1385,11.518475598321974,4.212484627035565,-93.44821632130095,-1
1386,4.890827598321973,-12.409815372964431,-89.31091832130093,-1
1387,-4.872628401678028,14.78338462703556,-105.99031532130093,-1
1388,11.207947598321969,-1.1577473729644367,-113.07791632130093,-1
1389,-4.145140401678031,-15.446520372964443,-87.50792432130095,-1
1390,14.007691598321973,2.763746627035559,-113.89632132130095,-1
1391,2.87181959832197,19.60007262703556,-109.21277332130094,-1
1392,-1.254260401678028,18.22922262703557,-104.16193132130093,-1
1393,-1.8716044016780309,10.517621627035567,-74.37177032130094,-1
1394,3.02983559832197,3.048253627035564,-117.84514332130092,-1
1395,13.944267598321968,9.36885662703557,-109.19521032130095,-1
1396,11.737675598321967,13.331884627035564,-108.14357432130095,-1
1397,2.05997959832197,-2.2154413729644347,-117.37291432130093,-1
1398,2.9689715983219713,-12.86285637296443,-89.06679232130094,-1
1399,-2.0543244016780307,-18.62684837296443,-107.16290732130093,-1
1400,-16.26906740167803,-1.249063372964443,-93.26073132130094,-1
1401,-13.490315401678028,0.18544562703556267,-101.17853232130093,-1
1402,-12.63309940167803,-11.146311372964433,-97.90097532130093,-1
1403,-8.712075401678028,-3.725672372964439,-75.27690632130094,-1
1404,18.744244598321973,-1.102915372964432,-111.30270832130094,-1
1405,-5.192075401678029,17.047368627035567,-119.63057432130094,2
1406,6.389492598321969,-11.470888372964438,-113.50700832130093,-1
1407,3.71237259832197,-8.535593372964442,-70.15852832130093,-1
1408,9.47109259832197,1.9068356270355622,-91.08035732130094,-1
1409,0.4520845983219708,-8.85389137296444,-115.35030032130092,-1
1410,3.2943885983219694,16.162702627035557,-80.40524732130095,-1
1411,-0.7903474016780301,-4.92503537296443,-69.21204132130094,-1
1412,12.027188598321974,8.475003627035562,-100.46538232130092,-1
1413,-15.59949940167803,-1.1583343729644326,-91.24632732130092,-1
1414,5.4480525983219685,-9.284647372964443,-115.21292632130093,-1
1415,13.194420598321972,9.753408627035569,-107.18480432130093,-1
1416,12.627636598321974,-7.36800637296443,-111.62785832130095,2
1417,2.5049485983219704,-7.095117372964438,-69.62747632130095,-1
1418,0.33374859832197146,-18.573389372964442,-99.11937432130094,-1
1419,-0.9173234016780292,17.604657627035564,-102.32870932130095,-1
1420,4.83678859832197,-12.461969372964433,-77.68007332130094,-1
1421,-7.556706401678028,12.662816627035568,-104.21352132130093,-1
1422,0.4957095983219695,2.523366627035557,-79.70569332130094,-1
1423,-0.738978401678029,6.607648627035559,-120.63431232130094,2
1424,5.276573598321971,5.829503627035564,-119.98077832130093,-1
1425,1.1222695983219708,9.531575627035565,-77.97795532130093,-1
1426,3.6965415983219714,14.022001627035564,-76.91621832130093,-1
1427,-14.54077040167803,-7.329317372964439,-95.64636732130094,-1
1428,12.688797598321973,5.272992627035563,-94.89307132130094,-1
1429,3.230045598321972,1.9946646270355615,-118.08165432130093,-1
1430,-14.222178401678029,6.413991627035557,-97.19003732130093,-1
1431,2.155293598321972,-3.451921372964435,-78.26405832130092,-1
1432,0.18921359832197027,19.19566862703556,-120.17720532130093,2
1433,4.649693598321971,17.95053662703556,-113.59729432130092,-1
1434,-6.9757144016780295,-5.368692372964432,-73.89441432130093,-1
1435,15.38255759832197,1.981435627035566,-95.63487732130093,-1
1436,3.9806375983219695,14.810071627035569,-75.41644732130092,2
1437,0.3158695983219708,19.196149627035567,-104.36049332130094,-1
1438,0.7353255983219711,-3.954080372964441,-116.64059932130093,-1
1439,-1.7366744016780302,7.391339627035563,-120.45728032130094,2
1440,3.506909598321972,17.06103262703556,-78.58223432130094,-1
1441,-1.9633624016780296,-7.505777372964431,-115.21280432130092,-1
1442,-9.14934640167803,9.694173627035568,-102.23860632130092,-1
1443,-13.658850401678029,-3.53289237296444,-101.48851532130092,-1
1444,7.4299815983219695,7.091611627035562,-119.61443032130094,-1
1445,-3.3814744016780303,18.925428627035558,-81.00906832130093,-1
1446,0.5264935983219701,-19.862116372964437,-101.89217132130094,-1
